timestamp,label
20:46:33,Benign
20:46:33,Benign
20:46:33,Benign
20:46:33,Benign
20:46:34,Benign
20:46:34,Benign
20:46:34,Benign
20:46:34,Benign
20:46:34,Benign
20:46:34,Benign
20:46:34,Benign
20:46:34,Benign
20:46:34,Benign
20:46:34,Benign
20:46:34,Benign
20:46:34,Benign
20:46:34,Benign
20:46:34,Benign
20:46:34,Benign
20:46:34,Benign
20:46:34,Benign
20:46:34,Benign
20:46:34,Benign
20:46:34,Benign
20:46:34,Benign
20:46:34,Benign
20:46:34,Benign
20:46:34,Benign
20:46:34,Benign
20:46:34,Benign
20:46:34,Benign
20:46:34,Benign
20:46:34,Benign
20:46:34,Benign
20:46:34,Benign
20:46:34,Benign
20:46:34,Benign
20:46:34,Benign
20:46:34,Benign
20:46:34,Benign
20:46:34,Benign
20:46:34,Benign
20:46:34,Benign
20:46:34,Benign
20:46:34,Benign
20:46:34,Benign
20:46:34,Benign
20:46:34,Benign
20:46:34,Benign
20:46:34,Benign
20:46:34,Benign
20:46:34,Benign
20:46:34,Benign
20:46:34,Benign
20:46:34,Benign
20:46:34,Benign
20:46:34,Benign
20:46:34,Benign
20:46:34,Benign
20:46:34,Benign
20:46:34,Benign
20:46:34,Benign
20:46:34,Benign
20:46:34,Benign
20:46:34,Benign
20:46:34,Benign
20:46:34,Benign
20:46:34,Benign
20:46:34,Benign
20:46:34,Benign
20:46:34,Benign
20:46:34,Benign
20:46:34,Benign
20:46:34,Benign
20:46:34,Benign
20:46:34,Benign
20:46:34,Benign
20:46:34,Benign
20:46:34,Benign
20:46:34,Benign
20:46:34,Benign
20:46:34,Benign
20:46:34,Benign
20:46:34,Benign
20:46:34,Benign
20:46:34,Benign
20:46:34,Benign
20:46:34,Benign
20:46:34,Benign
20:46:34,Benign
20:46:34,Benign
20:46:34,Benign
20:46:34,Benign
20:46:34,Benign
20:46:34,Benign
20:46:34,Benign
20:46:34,Benign
20:46:34,Benign
20:46:34,Benign
20:46:34,Benign
20:46:34,Benign
20:46:34,Benign
20:46:34,Benign
20:46:34,Benign
20:46:34,Benign
20:46:34,Benign
20:46:34,Benign
20:46:34,Benign
20:46:34,Benign
20:46:34,Benign
20:46:34,Benign
20:46:34,Benign
20:46:34,Benign
20:46:34,Benign
20:46:34,Benign
20:46:34,Benign
20:46:34,Benign
20:46:34,Benign
20:46:34,Benign
20:46:34,Benign
20:46:34,Benign
20:46:34,Benign
20:46:34,Benign
20:46:34,Benign
20:46:34,Benign
20:46:34,Benign
20:46:34,Benign
20:46:34,Benign
20:46:34,Benign
20:46:34,Benign
20:46:34,Benign
20:46:34,Benign
20:46:35,Benign
20:46:35,Benign
20:46:35,Benign
20:46:35,Benign
20:46:35,Benign
20:46:35,Benign
20:46:35,Benign
20:46:35,Benign
20:46:35,Benign
20:46:35,Benign
20:46:35,Benign
20:46:35,Benign
20:46:35,Benign
20:46:35,Benign
20:46:35,Benign
20:46:35,Benign
20:46:35,Benign
20:46:35,Benign
20:46:35,Benign
20:46:35,Benign
20:46:35,Benign
20:46:35,Benign
20:46:35,Benign
20:46:35,Benign
20:46:35,Benign
20:46:35,Benign
20:46:35,Benign
20:46:35,Benign
20:46:35,Benign
20:46:35,Benign
20:46:35,Benign
20:46:35,Benign
20:46:35,Benign
20:46:35,Benign
20:46:35,Benign
20:46:35,Benign
20:46:35,Benign
20:46:35,Benign
20:46:35,Benign
20:46:35,Benign
20:46:35,Benign
20:46:35,Benign
20:46:35,Benign
20:46:35,Benign
20:46:35,Benign
20:46:35,Benign
20:46:35,Benign
20:46:35,Benign
20:46:35,Benign
20:46:35,Benign
20:46:35,Benign
20:46:35,Benign
20:46:35,Benign
20:46:35,Benign
20:46:35,Benign
20:46:35,Benign
20:46:35,Benign
20:46:35,Benign
20:46:35,Benign
20:46:35,Benign
20:46:35,Benign
20:46:35,Benign
20:46:35,Benign
20:46:35,Benign
20:46:35,Benign
20:46:35,Benign
20:46:35,Benign
20:46:35,Benign
20:46:35,Benign
20:46:35,Benign
20:46:35,Benign
20:46:35,Benign
20:46:35,Benign
20:46:35,Benign
20:46:35,Benign
20:46:35,Benign
20:46:35,Benign
20:46:35,Benign
20:46:35,Benign
20:46:35,Benign
20:46:35,Benign
20:46:35,Benign
20:46:35,Benign
20:46:35,Benign
20:46:35,Benign
20:46:35,Benign
20:46:35,Benign
20:46:35,Benign
20:46:35,Benign
20:46:35,Benign
20:46:35,Benign
20:46:35,Benign
20:46:35,Benign
20:46:35,Benign
20:46:35,Benign
20:46:35,Benign
20:46:35,Benign
20:46:35,Benign
20:46:35,Benign
20:46:35,Benign
20:46:35,Benign
20:46:35,Benign
20:46:35,Benign
20:46:35,Benign
20:46:35,Benign
20:46:35,Benign
20:46:35,Benign
20:46:35,Benign
20:46:35,Benign
20:46:35,Benign
20:46:35,Benign
20:46:35,Benign
20:46:35,Benign
20:46:35,Benign
20:46:35,Benign
20:46:35,Benign
20:46:35,Benign
20:46:35,Benign
20:46:35,Benign
20:46:35,Benign
20:46:35,Benign
20:46:35,Benign
20:46:35,Benign
20:46:35,Benign
20:46:36,Benign
20:46:36,Benign
20:46:36,Benign
20:46:36,Benign
20:46:36,Benign
20:46:36,Benign
20:46:36,Benign
20:46:36,Benign
20:46:36,Benign
20:46:36,Benign
20:46:36,Benign
20:46:36,Benign
20:46:36,Benign
20:46:36,Benign
20:46:36,Benign
20:46:36,Benign
20:46:36,Benign
20:46:36,Benign
20:46:36,Benign
20:46:36,Benign
20:46:36,Benign
20:46:36,Benign
20:46:36,Benign
20:46:36,Benign
20:46:36,Benign
20:46:36,Benign
20:46:36,Benign
20:46:36,Benign
20:46:36,Benign
20:46:36,Benign
20:46:36,Benign
20:46:36,Benign
20:46:36,Benign
20:46:36,Benign
20:46:36,Benign
20:46:36,Benign
20:46:36,Benign
20:46:36,Benign
20:46:36,Benign
20:46:36,Benign
20:46:36,Benign
20:46:36,Benign
20:46:36,Benign
20:46:36,Benign
20:46:36,Benign
20:46:36,Benign
20:46:36,Benign
20:46:36,Benign
20:46:36,Benign
20:46:36,Benign
20:46:36,Benign
20:46:36,Benign
20:46:36,Benign
20:46:36,Benign
20:46:36,Benign
20:46:36,Benign
20:46:36,Benign
20:46:36,Benign
20:46:36,Benign
20:46:36,Benign
20:46:36,Benign
20:46:36,Benign
20:46:36,Benign
20:46:36,Benign
20:46:36,Benign
20:46:36,Benign
20:46:36,Benign
20:46:36,Benign
20:46:36,Benign
20:46:36,Benign
20:46:36,Benign
20:46:36,Benign
20:46:36,Benign
20:46:36,Benign
20:46:36,Benign
20:46:36,Benign
20:46:36,Benign
20:46:36,Benign
20:46:36,Benign
20:46:36,Benign
20:46:36,Benign
20:46:36,Benign
20:46:36,Benign
20:46:36,Benign
20:46:36,Benign
20:46:36,Benign
20:46:36,Benign
20:46:36,Benign
20:46:36,Benign
20:46:36,Benign
20:46:36,Benign
20:46:36,Benign
20:46:36,Benign
20:46:36,Benign
20:46:36,Benign
20:46:36,Benign
20:46:36,Benign
20:46:36,Benign
20:46:36,Benign
20:46:36,Benign
20:46:36,Benign
20:46:36,Benign
20:46:36,Benign
20:46:36,Benign
20:46:36,Benign
20:46:36,Benign
20:46:36,Benign
20:46:36,Benign
20:46:36,Benign
20:46:36,Benign
20:46:36,Benign
20:46:36,Benign
20:46:36,Benign
20:46:36,Benign
20:46:36,Benign
20:46:36,Benign
20:46:36,Benign
20:46:36,Benign
20:46:36,Benign
20:46:36,Benign
20:46:36,Benign
20:46:36,Benign
20:46:36,Benign
20:46:37,Benign
20:46:37,Benign
20:46:37,Benign
20:46:37,Benign
20:46:37,Benign
20:46:37,Benign
20:46:37,Benign
20:46:37,Benign
20:46:37,Benign
20:46:37,Benign
20:46:37,Benign
20:46:37,Benign
20:46:37,Benign
20:46:37,Benign
20:46:37,Benign
20:46:37,Benign
20:46:37,Benign
20:46:37,Benign
20:46:37,Benign
20:46:37,Benign
20:46:37,Benign
20:46:37,Benign
20:46:37,Benign
20:46:37,Benign
20:46:37,Benign
20:46:37,Benign
20:46:37,Benign
20:46:37,Benign
20:46:37,Benign
20:46:37,Benign
20:46:37,Benign
20:46:37,Benign
20:46:37,Benign
20:46:37,Benign
20:46:37,Benign
20:46:37,Benign
20:46:37,Benign
20:46:37,Benign
20:46:37,Benign
20:46:37,Benign
20:46:37,Benign
20:46:37,Benign
20:46:37,Benign
20:46:37,Benign
20:46:37,Benign
20:46:37,Benign
20:46:37,Benign
20:46:37,Benign
20:46:37,Benign
20:46:37,Benign
20:46:37,Benign
20:46:37,Benign
20:46:37,Benign
20:46:37,Benign
20:46:37,Benign
20:46:37,Benign
20:46:37,Benign
20:46:37,Benign
20:46:37,Benign
20:46:37,Benign
20:46:37,Benign
20:46:37,Benign
20:46:37,Benign
20:46:37,Benign
20:46:37,Benign
20:46:37,Benign
20:46:37,Benign
20:46:37,Benign
20:46:37,Benign
20:46:37,Benign
20:46:37,Benign
20:46:37,Benign
20:46:37,Benign
20:46:37,Benign
20:46:37,Benign
20:46:37,Benign
20:46:37,Benign
20:46:37,Benign
20:46:37,Benign
20:46:37,Benign
20:46:37,Benign
20:46:37,Benign
20:46:37,Benign
20:46:37,Benign
20:46:37,Benign
20:46:37,Benign
20:46:37,Benign
20:46:37,Benign
20:46:37,Benign
20:46:37,Benign
20:46:37,Benign
20:46:37,Benign
20:46:37,Benign
20:46:37,Benign
20:46:37,Benign
20:46:37,Benign
20:46:37,Benign
20:46:37,Benign
20:46:37,Benign
20:46:37,Benign
20:46:37,Benign
20:46:37,Benign
20:46:37,Benign
20:46:37,Benign
20:46:37,Benign
20:46:37,Benign
20:46:37,Benign
20:46:37,Benign
20:46:37,Benign
20:46:37,Benign
20:46:37,Benign
20:46:37,Benign
20:46:37,Benign
20:46:37,Benign
20:46:37,Benign
20:46:37,Benign
20:46:37,Benign
20:46:37,Benign
20:46:37,Benign
20:46:37,Benign
20:46:37,Benign
20:46:37,Benign
20:46:37,Benign
20:46:37,Benign
20:46:38,Benign
20:46:38,Benign
20:46:38,Benign
20:46:38,Benign
20:46:38,Benign
20:46:38,Benign
20:46:38,Benign
20:46:38,Benign
20:46:38,Benign
20:46:38,Benign
20:46:38,Benign
20:46:38,Benign
20:46:38,Benign
20:46:38,Benign
20:46:38,Benign
20:46:38,Benign
20:46:38,Benign
20:46:38,Benign
20:46:38,Benign
20:46:38,Benign
20:46:38,Benign
20:46:38,Benign
20:46:38,Benign
20:46:38,Benign
20:46:38,Benign
20:46:38,Benign
20:46:38,Benign
20:46:38,Benign
20:46:38,Benign
20:46:38,Benign
20:46:38,Benign
20:46:38,Benign
20:46:38,Benign
20:46:38,Benign
20:46:38,Benign
20:46:38,Benign
20:46:38,Benign
20:46:38,Benign
20:46:38,Benign
20:46:38,Benign
20:46:38,Benign
20:46:38,Benign
20:46:38,Benign
20:46:38,Benign
20:46:38,Benign
20:46:38,Benign
20:46:38,Benign
20:46:38,Benign
20:46:38,Benign
20:46:38,Benign
20:46:38,Benign
20:46:38,Benign
20:46:38,Benign
20:46:38,Benign
20:46:38,Benign
20:46:38,Benign
20:46:38,Benign
20:46:38,Benign
20:46:38,Benign
20:46:38,Benign
20:46:38,Benign
20:46:38,Benign
20:46:38,Benign
20:46:38,Benign
20:46:38,Benign
20:46:38,Benign
20:46:38,Benign
20:46:38,Benign
20:46:38,Benign
20:46:38,Benign
20:46:38,Benign
20:46:38,Benign
20:46:38,Benign
20:46:38,Benign
20:46:38,Benign
20:46:38,Benign
20:46:38,Benign
20:46:38,Benign
20:46:38,Benign
20:46:38,Benign
20:46:38,Benign
20:46:38,Benign
20:46:38,Benign
20:46:38,Benign
20:46:38,Benign
20:46:38,Benign
20:46:38,Benign
20:46:38,Benign
20:46:38,Benign
20:46:38,Benign
20:46:38,Benign
20:46:38,Benign
20:46:38,Benign
20:46:38,Benign
20:46:38,Benign
20:46:38,Benign
20:46:38,Benign
20:46:38,Benign
20:46:38,Benign
20:46:38,Benign
20:46:38,Benign
20:46:38,Benign
20:46:38,Benign
20:46:38,Benign
20:46:38,Benign
20:46:38,Benign
20:46:38,Benign
20:46:38,Benign
20:46:38,Benign
20:46:38,Benign
20:46:38,Benign
20:46:38,Benign
20:46:38,Benign
20:46:38,Benign
20:46:38,Benign
20:46:38,Benign
20:46:38,Benign
20:46:38,Benign
20:46:38,Benign
20:46:38,Benign
20:46:38,Benign
20:46:38,Benign
20:46:38,Benign
20:46:39,Benign
20:46:39,Benign
20:46:39,Benign
20:46:39,Benign
20:46:39,Benign
20:46:39,Benign
20:46:39,Benign
20:46:39,Benign
20:46:39,Benign
20:46:39,Benign
20:46:39,Benign
20:46:39,Benign
20:46:39,Benign
20:46:39,Benign
20:46:39,Benign
20:46:39,Benign
20:46:39,Benign
20:46:39,Benign
20:46:39,Benign
20:46:39,Benign
20:46:39,Benign
20:46:39,Benign
20:46:39,Benign
20:46:39,Benign
20:46:39,Benign
20:46:39,Benign
20:46:39,Benign
20:46:39,Benign
20:46:39,Benign
20:46:39,Benign
20:46:39,Benign
20:46:39,Benign
20:46:39,Benign
20:46:39,Benign
20:46:39,Benign
20:46:39,Benign
20:46:39,Benign
20:46:39,Benign
20:46:39,Benign
20:46:39,Benign
20:46:39,Benign
20:46:39,Benign
20:46:39,Benign
20:46:39,Benign
20:46:39,Benign
20:46:39,Benign
20:46:39,Benign
20:46:39,Benign
20:46:39,Benign
20:46:39,Benign
20:46:39,Benign
20:46:39,Benign
20:46:39,Benign
20:46:39,Benign
20:46:39,Benign
20:46:39,Benign
20:46:39,Benign
20:46:39,Benign
20:46:39,Benign
20:46:39,Benign
20:46:39,Benign
20:46:39,Benign
20:46:39,Benign
20:46:39,Benign
20:46:39,Benign
20:46:39,Benign
20:46:39,Benign
20:46:39,Benign
20:46:39,Benign
20:46:39,Benign
20:46:39,Benign
20:46:39,Benign
20:46:39,Benign
20:46:39,Benign
20:46:39,Benign
20:46:39,Benign
20:46:39,Benign
20:46:39,Benign
20:46:39,Benign
20:46:39,Benign
20:46:39,Benign
20:46:39,Benign
20:46:39,Benign
20:46:39,Benign
20:46:39,Benign
20:46:39,Benign
20:46:39,Benign
20:46:39,Benign
20:46:39,Benign
20:46:39,Benign
20:46:39,Benign
20:46:39,Benign
20:46:39,Benign
20:46:39,Benign
20:46:39,Benign
20:46:39,Benign
20:46:39,Benign
20:46:39,Benign
20:46:39,Benign
20:46:39,Benign
20:46:39,Benign
20:46:39,Benign
20:46:39,Benign
20:46:39,Benign
20:46:39,Benign
20:46:39,Benign
20:46:39,Benign
20:46:39,Benign
20:46:39,Benign
20:46:39,Benign
20:46:39,Benign
20:46:39,Benign
20:46:39,Benign
20:46:39,Benign
20:46:39,Benign
20:46:39,Benign
20:46:39,Benign
20:46:39,Benign
20:46:39,Benign
20:46:39,Benign
20:46:39,Benign
20:46:39,Benign
20:46:39,Benign
20:46:39,Benign
20:46:39,Benign
20:46:39,Benign
20:46:39,Benign
20:46:39,Benign
20:46:39,Benign
20:46:39,Benign
20:46:39,Benign
20:46:40,Benign
20:46:40,Benign
20:46:40,Benign
20:46:40,Benign
20:46:40,Benign
20:46:40,Benign
20:46:40,Benign
20:46:40,Benign
20:46:40,Benign
20:46:40,Benign
20:46:40,Benign
20:46:40,Benign
20:46:40,Benign
20:46:40,Benign
20:46:40,Benign
20:46:40,Benign
20:46:40,Benign
20:46:40,Benign
20:46:40,Benign
20:46:40,Benign
20:46:40,Benign
20:46:40,Benign
20:46:40,Benign
20:46:40,Benign
20:46:40,Benign
20:46:40,Benign
20:46:40,Benign
20:46:40,Benign
20:46:40,Benign
20:46:40,Benign
20:46:40,Benign
20:46:40,Benign
20:46:40,Benign
20:46:40,Benign
20:46:40,Benign
20:46:40,Benign
20:46:40,Benign
20:46:40,Benign
20:46:40,Benign
20:46:40,Benign
20:46:40,Benign
20:46:40,Benign
20:46:40,Benign
20:46:40,Benign
20:46:40,Benign
20:46:40,Benign
20:46:40,Benign
20:46:40,Benign
20:46:40,Benign
20:46:40,Benign
20:46:40,Benign
20:46:40,Benign
20:46:40,Benign
20:46:40,Benign
20:46:40,Benign
20:46:40,Benign
20:46:40,Benign
20:46:40,Benign
20:46:40,Benign
20:46:40,Benign
20:46:40,Benign
20:46:40,Benign
20:46:41,Benign
20:46:41,Benign
20:46:41,Benign
20:46:41,Benign
20:46:41,Benign
20:46:41,Benign
20:46:41,Benign
20:46:41,Benign
20:46:41,Benign
20:46:41,Benign
20:46:41,Benign
20:46:41,Benign
20:46:41,Benign
20:46:41,Benign
20:46:41,Benign
20:46:41,Benign
20:46:41,Benign
20:46:41,Benign
20:46:41,Benign
20:46:41,Benign
20:46:41,Benign
20:46:41,Benign
20:46:41,Benign
20:46:41,Benign
20:46:41,Benign
20:46:41,Benign
20:46:41,Benign
20:46:41,Benign
20:46:41,Benign
20:46:42,Benign
20:46:42,Benign
20:46:42,Benign
20:46:42,Benign
20:46:42,Benign
20:46:42,Benign
20:46:42,Benign
20:46:42,Benign
20:46:42,Benign
20:46:42,Benign
20:46:42,Benign
20:46:42,Benign
20:46:42,Benign
20:46:42,Benign
20:46:42,Benign
20:46:42,Benign
20:46:42,Benign
20:46:42,Benign
20:46:42,Benign
20:46:42,Benign
20:46:42,Benign
20:46:42,Benign
20:46:42,Benign
20:46:42,Benign
20:46:42,Benign
20:46:42,Benign
20:46:42,Benign
20:46:42,Benign
20:46:42,Benign
20:46:42,Benign
20:46:42,Benign
20:46:42,Benign
20:46:42,Benign
20:46:42,Benign
20:46:42,Benign
20:46:42,Benign
20:46:42,Benign
20:46:42,Benign
20:46:42,Benign
20:46:42,Benign
20:46:42,Benign
20:46:42,Benign
20:46:42,Benign
20:46:42,Benign
20:46:42,Benign
20:46:42,Benign
20:46:42,Benign
20:46:42,Benign
20:46:42,Benign
20:46:42,Benign
20:46:42,Benign
20:46:42,Benign
20:46:42,Benign
20:46:42,Benign
20:46:42,Benign
20:46:42,Benign
20:46:42,Benign
20:46:42,Benign
20:46:42,Benign
20:46:42,Benign
20:46:42,Benign
20:46:42,Benign
20:46:43,Benign
20:46:43,Benign
20:46:43,Benign
20:46:43,Benign
20:46:43,Benign
20:46:43,Benign
20:46:43,Benign
20:46:43,Benign
20:46:43,Benign
20:46:43,Benign
20:46:43,Benign
20:46:43,Benign
20:46:43,Benign
20:46:43,Benign
20:46:43,Benign
20:46:43,Benign
20:46:43,Benign
20:46:43,Benign
20:46:43,Benign
20:46:43,Benign
20:46:43,Benign
20:46:43,Benign
20:46:43,Benign
20:46:43,Benign
20:46:43,Benign
20:46:43,Benign
20:46:43,Benign
20:46:43,Benign
20:46:43,Benign
20:46:43,Benign
20:46:43,Benign
20:46:43,Benign
20:46:43,Benign
20:46:43,Benign
20:46:43,Benign
20:46:43,Benign
20:46:43,Benign
20:46:43,Benign
20:46:43,Benign
20:46:43,Benign
20:46:43,Benign
20:46:43,Benign
20:46:43,Benign
20:46:43,Benign
20:46:43,Benign
20:46:43,Benign
20:46:43,Benign
20:46:43,Benign
20:46:43,Benign
20:46:43,Benign
20:46:43,Benign
20:46:43,Benign
20:46:43,Benign
20:46:43,Benign
20:46:43,Benign
20:46:43,Benign
20:46:43,Benign
20:46:43,Benign
20:46:43,Benign
20:46:44,Benign
20:46:44,Benign
20:46:44,Benign
20:46:44,Benign
20:46:44,Benign
20:46:44,Benign
20:46:44,Benign
20:46:44,Benign
20:46:44,Benign
20:46:44,Benign
20:46:44,Benign
20:46:44,Benign
20:46:44,Benign
20:46:44,Benign
20:46:44,Benign
20:46:44,Benign
20:46:44,Benign
20:46:44,Benign
20:46:44,Benign
20:46:44,Benign
20:46:44,Benign
20:46:44,Benign
20:46:44,Benign
20:46:44,Benign
20:46:44,Benign
20:46:44,Benign
20:46:44,Benign
20:46:44,Benign
20:46:44,Benign
20:46:44,Benign
20:46:44,Benign
20:46:44,Benign
20:46:44,Benign
20:46:44,Benign
20:46:44,Benign
20:46:44,Benign
20:46:44,Benign
20:46:45,Benign
20:46:45,Benign
20:46:45,Benign
20:46:45,Benign
20:46:45,Benign
20:46:45,Benign
20:46:45,Benign
20:46:45,Benign
20:46:45,Benign
20:46:45,Benign
20:46:45,Benign
20:46:45,Benign
20:46:45,Benign
20:46:45,Benign
20:46:45,Benign
20:46:45,Benign
20:46:45,Benign
20:46:45,Benign
20:46:45,Benign
20:46:45,Benign
20:46:45,Benign
20:46:45,Benign
20:46:45,Benign
20:46:45,Benign
20:46:46,Benign
20:46:46,Benign
20:46:46,Benign
20:46:46,Benign
20:46:46,Benign
20:46:46,Benign
20:46:46,Benign
20:46:46,Benign
20:46:46,Benign
20:46:46,Benign
20:46:46,Benign
20:46:46,Benign
20:46:46,Benign
20:46:46,Benign
20:46:46,Benign
20:46:46,Benign
20:46:46,Benign
20:46:46,Benign
20:46:46,Benign
20:46:46,Benign
20:46:46,Benign
20:46:46,Benign
20:46:46,Benign
20:46:46,Benign
20:46:46,Benign
20:46:46,Benign
20:46:46,Benign
20:46:46,Benign
20:46:46,Benign
20:46:46,Benign
20:46:46,Benign
20:46:46,Benign
20:46:46,Benign
20:46:46,Benign
20:46:46,Benign
20:46:46,Benign
20:46:46,Benign
20:46:46,Benign
20:46:46,Benign
20:46:46,Benign
20:46:46,Benign
20:46:46,Benign
20:46:46,Benign
20:46:46,Benign
20:46:46,Benign
20:46:46,Benign
20:46:46,Benign
20:46:46,Benign
20:46:46,Benign
20:46:46,Benign
20:46:46,Benign
20:46:46,Benign
20:46:46,Benign
20:46:46,Benign
20:46:46,Benign
20:46:46,Benign
20:46:46,Benign
20:46:46,Benign
20:46:46,Benign
20:46:46,Benign
20:46:46,Benign
20:46:46,Benign
20:46:46,Benign
20:46:46,Benign
20:46:46,Benign
20:46:46,Benign
20:46:46,Benign
20:46:46,Benign
20:46:47,Benign
20:46:47,Benign
20:46:47,Benign
20:46:47,Benign
20:46:47,Benign
20:46:47,Benign
20:46:47,Benign
20:46:47,Benign
20:46:47,Benign
20:46:47,Benign
20:46:47,Benign
20:46:47,Benign
20:46:47,Benign
20:46:47,Benign
20:46:47,Benign
20:46:47,Benign
20:46:47,Benign
20:46:47,Benign
20:46:47,Benign
20:46:47,Benign
20:46:47,Benign
20:46:47,Benign
20:46:47,Benign
20:46:47,Benign
20:46:47,Benign
20:46:47,Benign
20:46:47,Benign
20:46:47,Benign
20:46:47,Benign
20:46:47,Benign
20:46:47,Benign
20:46:47,Benign
20:46:47,Benign
20:46:47,Benign
20:46:47,Benign
20:46:47,Benign
20:46:47,Benign
20:46:47,Benign
20:46:47,Benign
20:46:47,Benign
20:46:47,Benign
20:46:47,Benign
20:46:47,Benign
20:46:47,Benign
20:46:47,Benign
20:46:47,Benign
20:46:47,Benign
20:46:47,Benign
20:46:47,Benign
20:46:47,Benign
20:46:47,Benign
20:46:47,Benign
20:46:47,Benign
20:46:47,Benign
20:46:47,Benign
20:46:47,Benign
20:46:47,Benign
20:46:47,Benign
20:46:47,Benign
20:46:47,Benign
20:46:47,Benign
20:46:47,Benign
20:46:47,Benign
20:46:47,Benign
20:46:47,Benign
20:46:47,Benign
20:46:47,Benign
20:46:47,Benign
20:46:47,Benign
20:46:47,Benign
20:46:47,Benign
20:46:47,Benign
20:46:47,Benign
20:46:47,Benign
20:46:47,Benign
20:46:47,Benign
20:46:47,Benign
20:46:47,Benign
20:46:47,Benign
20:46:47,Benign
20:46:47,Benign
20:46:47,Benign
20:46:47,Benign
20:46:47,Benign
20:46:47,Benign
20:46:47,Benign
20:46:47,Benign
20:46:47,Benign
20:46:47,Benign
20:46:47,Benign
20:46:47,Benign
20:46:47,Benign
20:46:47,Benign
20:46:47,Benign
20:46:47,Benign
20:46:47,Benign
20:46:47,Benign
20:46:47,Benign
20:46:47,Benign
20:46:47,Benign
20:46:47,Benign
20:46:47,Benign
20:46:47,Benign
20:46:47,Benign
20:46:48,Benign
20:46:48,Benign
20:46:48,Benign
20:46:48,Benign
20:46:48,Benign
20:46:48,Benign
20:46:48,Benign
20:46:48,Benign
20:46:48,Benign
20:46:48,Benign
20:46:48,Benign
20:46:48,Benign
20:46:48,Benign
20:46:48,Benign
20:46:48,Benign
20:46:48,Benign
20:46:48,Benign
20:46:48,Benign
20:46:48,Benign
20:46:48,Benign
20:46:48,Benign
20:46:48,Benign
20:46:48,Benign
20:46:48,Benign
20:46:48,Benign
20:46:48,Benign
20:46:48,Benign
20:46:48,Benign
20:46:48,Benign
20:46:48,Benign
20:46:48,Benign
20:46:48,Benign
20:46:48,Benign
20:46:48,Benign
20:46:48,Benign
20:46:48,Benign
20:46:48,Benign
20:46:48,Benign
20:46:48,Benign
20:46:48,Benign
20:46:48,Benign
20:46:48,Benign
20:46:48,Benign
20:46:48,Benign
20:46:48,Benign
20:46:48,Benign
20:46:48,Benign
20:46:48,Benign
20:46:48,Benign
20:46:48,Benign
20:46:48,Benign
20:46:48,Benign
20:46:48,Benign
20:46:48,Benign
20:46:48,Benign
20:46:48,Benign
20:46:48,Benign
20:46:49,Benign
20:46:49,Benign
20:46:49,Benign
20:46:49,Benign
20:46:49,Benign
20:46:49,Benign
20:46:49,Benign
20:46:49,Benign
20:46:49,Benign
20:46:49,Benign
20:46:49,Benign
20:46:49,Benign
20:46:49,Benign
20:46:49,Benign
20:46:49,Benign
20:46:49,Benign
20:46:49,Benign
20:46:49,Benign
20:46:49,Benign
20:46:49,Benign
20:46:49,Benign
20:46:49,Benign
20:46:49,Benign
20:46:49,Benign
20:46:49,Benign
20:46:49,Benign
20:46:49,Benign
20:46:49,Benign
20:46:49,Benign
20:46:49,Benign
20:46:49,Benign
20:46:49,Benign
20:46:49,Benign
20:46:49,Benign
20:46:49,Benign
20:46:49,Benign
20:46:49,Benign
20:46:49,Benign
20:46:49,Benign
20:46:49,Benign
20:46:50,Benign
20:46:50,Benign
20:46:50,Benign
20:46:50,Benign
20:46:50,Benign
20:46:50,Benign
20:46:50,Benign
20:46:50,Benign
20:46:50,Benign
20:46:50,Benign
20:46:50,Benign
20:46:50,Benign
20:46:50,Benign
20:46:50,Benign
20:46:50,Benign
20:46:50,Benign
20:46:50,Benign
20:46:50,Benign
20:46:50,Benign
20:46:50,Benign
20:46:50,Benign
20:46:50,Benign
20:46:50,Benign
20:46:50,Benign
20:46:50,Benign
20:46:50,Benign
20:46:50,Benign
20:46:50,Benign
20:46:50,Benign
20:46:50,Benign
20:46:50,Benign
20:46:50,Benign
20:46:50,Benign
20:46:50,Benign
20:46:51,Benign
20:46:51,Benign
20:46:51,Benign
20:46:51,Benign
20:46:51,Benign
20:46:51,Benign
20:46:51,Benign
20:46:51,Benign
20:46:51,Benign
20:46:51,Benign
20:46:51,Benign
20:46:51,Benign
20:46:51,Benign
20:46:51,Benign
20:46:51,Benign
20:46:51,Benign
20:46:51,Benign
20:46:51,Benign
20:46:51,Benign
20:46:52,Benign
20:46:52,Benign
20:46:52,Benign
20:46:52,Benign
20:46:52,Benign
20:46:52,Benign
20:46:52,Benign
20:46:52,Benign
20:46:52,Benign
20:46:52,Benign
20:46:52,Benign
20:46:52,Benign
20:46:52,Benign
20:46:52,Benign
20:46:52,Benign
20:46:52,Benign
20:46:52,Benign
20:46:52,Benign
20:46:52,Benign
20:46:52,Benign
20:46:52,Benign
20:46:52,Benign
20:46:52,Benign
20:46:52,Benign
20:46:52,Benign
20:46:52,Benign
20:46:52,Benign
20:46:52,Benign
20:46:53,Benign
20:46:53,Benign
20:46:53,Benign
20:46:53,Benign
20:46:53,Benign
20:46:53,Benign
20:46:53,Benign
20:46:53,Benign
20:46:53,Benign
20:46:53,Benign
20:46:53,Benign
20:46:53,Benign
20:46:53,Benign
20:46:53,Benign
20:46:53,Benign
20:46:53,Benign
20:46:53,Benign
20:46:53,Benign
20:46:53,Benign
20:46:53,Benign
20:46:53,Benign
20:46:53,Benign
20:46:53,Benign
20:46:53,Benign
20:46:53,Benign
20:46:53,Benign
20:46:53,Benign
20:46:53,Benign
20:46:53,Benign
20:46:53,Benign
20:46:53,Benign
20:46:53,Benign
20:46:53,Benign
20:46:53,Benign
20:46:53,Benign
20:46:53,Benign
20:46:53,Benign
20:46:53,Benign
20:46:53,Benign
20:46:53,Benign
20:46:53,Benign
20:46:53,Benign
20:46:53,Benign
20:46:53,Benign
20:46:53,Benign
20:46:53,Benign
20:46:53,Benign
20:46:53,Benign
20:46:53,Benign
20:46:53,Benign
20:46:53,Benign
20:46:53,Benign
20:46:54,Benign
20:46:54,Benign
20:46:54,Benign
20:46:54,Benign
20:46:54,Benign
20:46:54,Benign
20:46:54,Benign
20:46:54,Benign
20:46:54,Benign
20:46:54,Benign
20:46:54,Benign
20:46:54,Benign
20:46:54,Benign
20:46:54,Benign
20:46:54,Benign
20:46:54,Benign
20:46:54,Benign
20:46:54,Benign
20:46:54,Benign
20:46:54,Benign
20:46:54,Benign
20:46:54,Benign
20:46:54,Benign
20:46:54,Benign
20:46:54,Benign
20:46:54,Benign
20:46:54,Benign
20:46:54,Benign
20:46:54,Benign
20:46:54,Benign
20:46:54,Benign
20:46:54,Benign
20:46:54,Benign
20:46:54,Benign
20:46:54,Benign
20:46:54,Benign
20:46:55,Benign
20:46:55,Benign
20:46:55,Benign
20:46:55,Benign
20:46:55,Benign
20:46:55,Benign
20:46:55,Benign
20:46:55,Benign
20:46:55,Benign
20:46:55,Benign
20:46:55,Benign
20:46:55,Benign
20:46:55,Benign
20:46:55,Benign
20:46:55,Benign
20:46:55,Benign
20:46:55,Benign
20:46:55,Benign
20:46:55,Benign
20:46:55,Benign
20:46:55,Benign
20:46:55,Benign
20:46:55,Benign
20:46:55,Benign
20:46:55,Benign
20:46:55,Benign
20:46:55,Benign
20:46:55,Benign
20:46:55,Benign
20:46:55,Benign
20:46:55,Benign
20:46:55,Benign
20:46:55,Benign
20:46:55,Benign
20:46:55,Benign
20:46:55,Benign
20:46:55,Benign
20:46:55,Benign
20:46:55,Benign
20:46:55,Benign
20:46:55,Benign
20:46:55,Benign
20:46:55,Benign
20:46:55,Benign
20:46:55,Benign
20:46:55,Benign
20:46:55,Benign
20:46:55,Benign
20:46:55,Benign
20:46:55,Benign
20:46:55,Benign
20:46:55,Benign
20:46:55,Benign
20:46:55,Benign
20:46:55,Benign
20:46:55,Benign
20:46:55,Benign
20:46:55,Benign
20:46:55,Benign
20:46:55,Benign
20:46:55,Benign
20:46:55,Benign
20:46:55,Benign
20:46:55,Benign
20:46:55,Benign
20:46:55,Benign
20:46:55,Benign
20:46:55,Benign
20:46:55,Benign
20:46:55,Benign
20:46:55,Benign
20:46:55,Benign
20:46:55,Benign
20:46:55,Benign
20:46:55,Benign
20:46:55,Benign
20:46:56,Benign
20:46:56,Benign
20:46:56,Benign
20:46:56,Benign
20:46:56,Benign
20:46:56,Benign
20:46:56,Benign
20:46:56,Benign
20:46:56,Benign
20:46:56,Benign
20:46:56,Benign
20:46:56,Benign
20:46:56,Benign
20:46:56,Benign
20:46:56,Benign
20:46:56,Benign
20:46:56,Benign
20:46:56,Benign
20:46:56,Benign
20:46:56,Benign
20:46:56,Benign
20:46:56,Benign
20:46:56,Benign
20:46:56,Benign
20:46:56,Benign
20:46:56,Benign
20:46:56,Benign
20:46:56,Benign
20:46:56,Benign
20:46:56,Benign
20:46:56,Benign
20:46:56,Benign
20:46:56,Benign
20:46:56,Benign
20:46:56,Benign
20:46:56,Benign
20:46:56,Benign
20:46:56,Benign
20:46:56,Benign
20:46:56,Benign
20:46:56,Benign
20:46:56,Benign
20:46:56,Benign
20:46:56,Benign
20:46:56,Benign
20:46:56,Benign
20:46:56,Benign
20:46:56,Benign
20:46:56,Benign
20:46:56,Benign
20:46:56,Benign
20:46:56,Benign
20:46:56,Benign
20:46:56,Benign
20:46:56,Benign
20:46:56,Benign
20:46:56,Benign
20:46:56,Benign
20:46:56,Benign
20:46:56,Benign
20:46:56,Benign
20:46:56,Benign
20:46:56,Benign
20:46:56,Benign
20:46:56,Benign
20:46:56,Benign
20:46:57,Benign
20:46:57,Benign
20:46:57,Benign
20:46:57,Benign
20:46:57,Benign
20:46:57,Benign
20:46:57,Benign
20:46:57,Benign
20:46:57,Benign
20:46:57,Benign
20:46:57,Benign
20:46:57,Benign
20:46:57,Benign
20:46:57,Benign
20:46:57,Benign
20:46:57,Benign
20:46:57,Benign
20:46:57,Benign
20:46:57,Benign
20:46:57,Benign
20:46:57,Benign
20:46:57,Benign
20:46:57,Benign
20:46:57,Benign
20:46:57,Benign
20:46:57,Benign
20:46:57,Benign
20:46:57,Benign
20:46:57,Benign
20:46:57,Benign
20:46:57,Benign
20:46:57,Benign
20:46:57,Benign
20:46:57,Benign
20:46:57,Benign
20:46:57,Benign
20:46:58,Benign
20:46:58,Benign
20:46:58,Benign
20:46:58,Benign
20:46:58,Benign
20:46:58,Benign
20:46:58,Benign
20:46:58,Benign
20:46:58,Benign
20:46:58,Benign
20:46:58,Benign
20:46:58,Benign
20:46:58,Benign
20:46:58,Benign
20:46:58,Benign
20:46:58,Benign
20:46:58,Benign
20:46:58,Benign
20:46:58,Benign
20:46:58,Benign
20:46:58,Benign
20:46:58,Benign
20:46:58,Benign
20:46:58,Benign
20:46:58,Benign
20:46:58,Benign
20:46:58,Benign
20:46:58,Benign
20:46:58,Benign
20:46:58,Benign
20:46:58,Benign
20:46:58,Benign
20:46:58,Benign
20:46:58,Benign
20:46:58,Benign
20:46:59,Benign
20:46:59,Benign
20:46:59,Benign
20:46:59,Benign
20:46:59,Benign
20:46:59,Benign
20:46:59,Benign
20:46:59,Benign
20:46:59,Benign
20:46:59,Benign
20:46:59,Benign
20:46:59,Benign
20:46:59,Benign
20:46:59,Benign
20:46:59,Benign
20:46:59,Benign
20:46:59,Benign
20:46:59,Benign
20:46:59,Benign
20:46:59,Benign
20:46:59,Benign
20:46:59,Benign
20:46:59,Benign
20:46:59,Benign
20:46:59,Benign
20:46:59,Benign
20:46:59,Benign
20:46:59,Benign
20:46:59,Benign
20:46:59,Benign
20:46:59,Benign
20:46:59,Benign
20:46:59,Benign
20:46:59,Benign
20:46:59,Benign
20:46:59,Benign
20:46:59,Benign
20:46:59,Benign
20:46:59,Benign
20:46:59,Benign
20:46:59,Benign
20:46:59,Benign
20:46:59,Benign
20:46:59,Benign
20:46:59,Benign
20:46:59,Benign
20:46:59,Benign
20:46:59,Benign
20:46:59,Benign
20:46:59,Benign
20:46:59,Benign
20:46:59,Benign
20:46:59,Benign
20:46:59,Benign
20:46:59,Benign
20:46:59,Benign
20:46:59,Benign
20:46:59,Benign
20:46:59,Benign
20:46:59,Benign
20:46:59,Benign
20:46:59,Benign
20:47:00,Benign
20:47:00,Benign
20:47:00,Benign
20:47:00,Benign
20:47:00,Benign
20:47:00,Benign
20:47:00,Benign
20:47:00,Benign
20:47:00,Benign
20:47:00,Benign
20:47:00,Benign
20:47:00,Benign
20:47:00,Benign
20:47:00,Benign
20:47:00,Benign
20:47:00,Benign
20:47:00,Benign
20:47:00,Benign
20:47:00,Benign
20:47:00,Benign
20:47:00,Benign
20:47:00,Benign
20:47:00,Benign
20:47:00,Benign
20:47:00,Benign
20:47:00,Benign
20:47:00,Benign
20:47:00,Benign
20:47:01,Benign
20:47:01,Benign
20:47:01,Benign
20:47:01,Benign
20:47:01,Benign
20:47:01,Benign
20:47:01,Benign
20:47:01,Benign
20:47:01,Benign
20:47:01,Benign
20:47:01,Benign
20:47:01,Benign
20:47:01,Benign
20:47:01,Benign
20:47:01,Benign
20:47:01,Benign
20:47:01,Benign
20:47:01,Benign
20:47:01,Benign
20:47:01,Benign
20:47:01,Benign
20:47:01,Benign
20:47:01,Benign
20:47:01,Benign
20:47:01,Benign
20:47:01,Benign
20:47:01,Benign
20:47:01,Benign
20:47:01,Benign
20:47:01,Benign
20:47:01,Benign
20:47:01,Benign
20:47:01,Benign
20:47:01,Benign
20:47:01,Benign
20:47:01,Benign
20:47:02,Benign
20:47:02,Benign
20:47:02,Benign
20:47:02,Benign
20:47:02,Benign
20:47:02,Benign
20:47:02,Benign
20:47:02,Benign
20:47:02,Benign
20:47:02,Benign
20:47:02,Benign
20:47:02,Benign
20:47:02,Benign
20:47:02,Benign
20:47:03,Benign
20:47:03,Benign
20:47:03,Benign
20:47:03,Benign
20:47:03,Benign
20:47:03,Benign
20:47:03,Benign
20:47:03,Benign
20:47:03,Benign
20:47:03,Benign
20:47:03,Benign
20:47:03,Benign
20:47:03,Benign
20:47:03,Benign
20:47:03,Benign
20:47:03,Benign
20:47:03,Benign
20:47:03,Benign
20:47:03,Benign
20:47:03,Benign
20:47:03,Benign
20:47:03,Benign
20:47:03,Benign
20:47:03,Benign
20:47:03,Benign
20:47:03,Benign
20:47:03,Benign
20:47:03,Benign
20:47:03,Benign
20:47:03,Benign
20:47:03,Benign
20:47:03,Benign
20:47:03,Benign
20:47:03,Benign
20:47:03,Benign
20:47:03,Benign
20:47:03,Benign
20:47:03,Benign
20:47:03,Benign
20:47:03,Benign
20:47:03,Benign
20:47:03,Benign
20:47:03,Benign
20:47:03,Benign
20:47:03,Benign
20:47:03,Benign
20:47:03,Benign
20:47:03,Benign
20:47:03,Benign
20:47:03,Benign
20:47:03,Benign
20:47:04,Benign
20:47:04,Benign
20:47:04,Benign
20:47:04,Benign
20:47:04,Benign
20:47:04,Benign
20:47:04,Benign
20:47:04,Benign
20:47:04,Benign
20:47:04,Benign
20:47:04,Benign
20:47:04,Benign
20:47:04,Benign
20:47:04,Benign
20:47:04,Benign
20:47:04,Benign
20:47:04,Benign
20:47:04,Benign
20:47:04,Benign
20:47:04,Benign
20:47:04,Benign
20:47:04,Benign
20:47:05,Benign
20:47:05,Benign
20:47:05,Benign
20:47:05,Benign
20:47:05,Benign
20:47:05,Benign
20:47:05,Benign
20:47:05,Benign
20:47:05,Benign
20:47:05,Benign
20:47:05,Benign
20:47:05,Benign
20:47:05,Benign
20:47:05,Benign
20:47:05,Benign
20:47:05,Benign
20:47:05,Benign
20:47:05,Benign
20:47:05,Benign
20:47:05,Benign
20:47:05,Benign
20:47:05,Benign
20:47:05,Benign
20:47:05,Benign
20:47:05,Benign
20:47:05,Benign
20:47:05,Benign
20:47:05,Benign
20:47:05,Benign
20:47:05,Benign
20:47:05,Benign
20:47:05,Benign
20:47:05,Benign
20:47:05,Benign
20:47:05,Benign
20:47:06,Benign
20:47:06,Benign
20:47:06,Benign
20:47:06,Benign
20:47:06,Benign
20:47:06,Benign
20:47:06,Benign
20:47:06,Benign
20:47:06,Benign
20:47:06,Benign
20:47:06,Benign
20:47:06,Benign
20:47:06,Benign
20:47:06,Benign
20:47:06,Benign
20:47:06,Benign
20:47:06,Benign
20:47:06,Benign
20:47:06,Benign
20:47:06,Benign
20:47:06,Benign
20:47:06,Benign
20:47:06,Benign
20:47:06,Benign
20:47:06,Benign
20:47:06,Benign
20:47:06,Benign
20:47:06,Benign
20:47:06,Benign
20:47:06,Benign
20:47:06,Benign
20:47:06,Benign
20:47:06,Benign
20:47:06,Benign
20:47:06,Benign
20:47:06,Benign
20:47:06,Benign
20:47:06,Benign
20:47:06,Benign
20:47:06,Benign
20:47:06,Benign
20:47:06,Benign
20:47:06,Benign
20:47:06,Benign
20:47:06,Benign
20:47:06,Benign
20:47:06,Benign
20:47:06,Benign
20:47:06,Benign
20:47:06,Benign
20:47:06,Benign
20:47:06,Benign
20:47:06,Benign
20:47:06,Benign
20:47:06,Benign
20:47:06,Benign
20:47:06,Benign
20:47:06,Benign
20:47:06,Benign
20:47:06,Benign
20:47:06,Benign
20:47:06,Benign
20:47:06,Benign
20:47:06,Benign
20:47:06,Benign
20:47:06,Benign
20:47:06,Benign
20:47:06,Benign
20:47:06,Benign
20:47:06,Benign
20:47:06,Benign
20:47:06,Benign
20:47:06,Benign
20:47:06,Benign
20:47:06,Benign
20:47:07,Benign
20:47:07,Benign
20:47:07,Benign
20:47:07,Benign
20:47:07,Benign
20:47:07,Benign
20:47:07,Benign
20:47:07,Benign
20:47:07,Benign
20:47:07,Benign
20:47:07,Benign
20:47:07,Benign
20:47:07,Benign
20:47:07,Benign
20:47:07,Benign
20:47:07,Benign
20:47:07,Benign
20:47:07,Benign
20:47:07,Benign
20:47:07,Benign
20:47:07,Benign
20:47:07,Benign
20:47:07,Benign
20:47:07,Benign
20:47:07,Benign
20:47:07,Benign
20:47:07,Benign
20:47:07,Benign
20:47:07,Benign
20:47:07,Benign
20:47:07,Benign
20:47:07,Benign
20:47:07,Benign
20:47:07,Benign
20:47:07,Benign
20:47:07,Benign
20:47:07,Benign
20:47:07,Benign
20:47:07,Benign
20:47:07,Benign
20:47:07,Benign
20:47:07,Benign
20:47:07,Benign
20:47:07,Benign
20:47:07,Benign
20:47:07,Benign
20:47:08,Benign
20:47:08,Benign
20:47:08,Benign
20:47:08,Benign
20:47:08,Benign
20:47:08,Benign
20:47:08,Benign
20:47:08,Benign
20:47:08,Benign
20:47:08,Benign
20:47:08,Benign
20:47:08,Benign
20:47:08,Benign
20:47:08,Benign
20:47:08,Benign
20:47:08,Benign
20:47:08,Benign
20:47:08,Benign
20:47:08,Benign
20:47:08,Benign
20:47:08,Benign
20:47:08,Benign
20:47:08,Benign
20:47:08,Benign
20:47:08,Benign
20:47:08,Benign
20:47:08,Benign
20:47:08,Benign
20:47:08,Benign
20:47:08,Benign
20:47:08,Benign
20:47:08,Benign
20:47:08,Benign
20:47:08,Benign
20:47:08,Benign
20:47:08,Benign
20:47:08,Benign
20:47:08,Benign
20:47:08,Benign
20:47:08,Benign
20:47:08,Benign
20:47:08,Benign
20:47:09,Benign
20:47:09,Benign
20:47:09,Benign
20:47:09,Benign
20:47:09,Benign
20:47:09,Benign
20:47:09,Benign
20:47:09,Benign
20:47:09,Benign
20:47:09,Benign
20:47:09,Benign
20:47:09,Benign
20:47:09,Benign
20:47:09,Benign
20:47:09,Benign
20:47:09,Benign
20:47:09,Benign
20:47:09,Benign
20:47:09,Benign
20:47:09,Benign
20:47:09,Benign
20:47:09,Benign
20:47:09,Benign
20:47:09,Benign
20:47:09,Benign
20:47:09,Benign
20:47:09,Benign
20:47:09,Benign
20:47:09,Benign
20:47:09,Benign
20:47:09,Benign
20:47:09,Benign
20:47:09,Benign
20:47:09,Benign
20:47:09,Benign
20:47:09,Benign
20:47:10,Benign
20:47:10,Benign
20:47:10,Benign
20:47:10,Benign
20:47:10,Benign
20:47:10,Benign
20:47:10,Benign
20:47:10,Benign
20:47:10,Benign
20:47:10,Benign
20:47:10,Benign
20:47:10,Benign
20:47:10,Benign
20:47:10,Benign
20:47:10,Benign
20:47:10,Benign
20:47:10,Benign
20:47:10,Benign
20:47:10,Benign
20:47:10,Benign
20:47:10,Benign
20:47:10,Benign
20:47:10,Benign
20:47:10,Benign
20:47:10,Benign
20:47:10,Benign
20:47:10,Benign
20:47:10,Benign
20:47:10,Benign
20:47:10,Benign
20:47:10,Benign
20:47:10,Benign
20:47:10,Benign
20:47:10,Benign
20:47:10,Benign
20:47:11,Benign
20:47:11,Benign
20:47:11,Benign
20:47:11,Benign
20:47:11,Benign
20:47:11,Benign
20:47:11,Benign
20:47:11,Benign
20:47:11,Benign
20:47:11,Benign
20:47:11,Benign
20:47:11,Benign
20:47:11,Benign
20:47:11,Benign
20:47:11,Benign
20:47:11,Benign
20:47:11,Benign
20:47:11,Benign
20:47:11,Benign
20:47:11,Benign
20:47:11,Benign
20:47:11,Benign
20:47:11,Benign
20:47:11,Benign
20:47:11,Benign
20:47:11,Benign
20:47:11,Benign
20:47:11,Benign
20:47:11,Benign
20:47:11,Benign
20:47:11,Benign
20:47:11,Benign
20:47:11,Benign
20:47:11,Benign
20:47:11,Benign
20:47:11,Benign
20:47:11,Benign
20:47:11,Benign
20:47:11,Benign
20:47:12,Benign
20:47:12,Benign
20:47:12,Benign
20:47:12,Benign
20:47:12,Benign
20:47:12,Benign
20:47:12,Benign
20:47:12,Benign
20:47:12,Benign
20:47:12,Benign
20:47:12,Benign
20:47:12,Benign
20:47:12,Benign
20:47:12,Benign
20:47:12,Benign
20:47:12,Benign
20:47:12,Benign
20:47:12,Benign
20:47:12,Benign
20:47:12,Benign
20:47:12,Benign
20:47:12,Benign
20:47:12,Benign
20:47:12,Benign
20:47:12,Benign
20:47:12,Benign
20:47:12,Benign
20:47:12,Benign
20:47:12,Benign
20:47:12,Benign
20:47:12,Benign
20:47:12,Benign
20:47:12,Benign
20:47:12,Benign
20:47:12,Benign
20:47:13,Benign
20:47:13,Benign
20:47:13,Benign
20:47:13,Benign
20:47:13,Benign
20:47:13,Benign
20:47:13,Benign
20:47:13,Benign
20:47:13,Benign
20:47:13,Benign
20:47:13,Benign
20:47:13,Benign
20:47:13,Benign
20:47:13,Benign
20:47:13,Benign
20:47:13,Benign
20:47:13,Benign
20:47:13,Benign
20:47:13,Benign
20:47:13,Benign
20:47:13,Benign
20:47:13,Benign
20:47:13,Benign
20:47:13,Benign
20:47:13,Benign
20:47:13,Benign
20:47:13,Benign
20:47:13,Benign
20:47:13,Benign
20:47:13,Benign
20:47:13,Benign
20:47:13,Benign
20:47:13,Benign
20:47:13,Benign
20:47:13,Benign
20:47:13,Benign
20:47:14,Benign
20:47:14,Benign
20:47:14,Benign
20:47:14,Benign
20:47:14,Benign
20:47:14,Benign
20:47:14,Benign
20:47:14,Benign
20:47:14,Benign
20:47:14,Benign
20:47:14,Benign
20:47:14,Benign
20:47:14,Benign
20:47:14,Benign
20:47:14,Benign
20:47:14,Benign
20:47:14,Benign
20:47:14,Benign
20:47:14,Benign
20:47:14,Benign
20:47:14,Benign
20:47:14,Benign
20:47:14,Benign
20:47:14,Benign
20:47:14,Benign
20:47:14,Benign
20:47:14,Benign
20:47:14,Benign
20:47:14,Benign
20:47:14,Benign
20:47:14,Benign
20:47:14,Benign
20:47:14,Benign
20:47:14,Benign
20:47:14,Benign
20:47:14,Benign
20:47:14,Benign
20:47:14,Benign
20:47:14,Benign
20:47:15,Benign
20:47:15,Benign
20:47:15,Benign
20:47:15,Benign
20:47:15,Benign
20:47:15,Benign
20:47:15,Benign
20:47:15,Benign
20:47:15,Benign
20:47:15,Benign
20:47:15,Benign
20:47:15,Benign
20:47:15,Benign
20:47:15,Benign
20:47:15,Benign
20:47:15,Benign
20:47:15,Benign
20:47:15,Benign
20:47:15,Benign
20:47:15,Benign
20:47:15,Benign
20:47:15,Benign
20:47:15,Benign
20:47:15,Benign
20:47:15,Benign
20:47:15,Benign
20:47:15,Benign
20:47:15,Benign
20:47:15,Benign
20:47:15,Benign
20:47:15,Benign
20:47:15,Benign
20:47:15,Benign
20:47:15,Benign
20:47:15,Benign
20:47:15,Benign
20:47:15,Benign
20:47:16,Benign
20:47:16,Benign
20:47:16,Benign
20:47:16,Benign
20:47:16,Benign
20:47:16,Benign
20:47:16,Benign
20:47:16,Benign
20:47:16,Benign
20:47:16,Benign
20:47:16,Benign
20:47:16,Benign
20:47:16,Benign
20:47:16,Benign
20:47:16,Benign
20:47:16,Benign
20:47:16,Benign
20:47:16,Benign
20:47:16,Benign
20:47:16,Benign
20:47:16,Benign
20:47:16,Benign
20:47:16,Benign
20:47:16,Benign
20:47:16,Benign
20:47:16,Benign
20:47:16,Benign
20:47:16,Benign
20:47:16,Benign
20:47:16,Benign
20:47:16,Benign
20:47:16,Benign
20:47:16,Benign
20:47:16,Benign
20:47:17,Benign
20:47:17,Benign
20:47:17,Benign
20:47:17,Benign
20:47:17,Benign
20:47:17,Benign
20:47:17,Benign
20:47:17,Benign
20:47:17,Benign
20:47:17,Benign
20:47:17,Benign
20:47:17,Benign
20:47:17,Benign
20:47:17,Benign
20:47:17,Benign
20:47:17,Benign
20:47:17,Benign
20:47:17,Benign
20:47:17,Benign
20:47:17,Benign
20:47:17,Benign
20:47:17,Benign
20:47:17,Benign
20:47:17,Benign
20:47:17,Benign
20:47:17,Benign
20:47:17,Benign
20:47:17,Benign
20:47:17,Benign
20:47:17,Benign
20:47:17,Benign
20:47:17,Benign
20:47:17,Benign
20:47:17,Benign
20:47:17,Benign
20:47:17,Benign
20:47:17,Benign
20:47:17,Benign
20:47:17,Benign
20:47:18,Benign
20:47:18,Benign
20:47:18,Benign
20:47:18,Benign
20:47:18,Benign
20:47:18,Benign
20:47:18,Benign
20:47:18,Benign
20:47:18,Benign
20:47:18,Benign
20:47:18,Benign
20:47:18,Benign
20:47:18,Benign
20:47:18,Benign
20:47:18,Benign
20:47:18,Benign
20:47:18,Benign
20:47:18,Benign
20:47:18,Benign
20:47:18,Benign
20:47:18,Benign
20:47:18,Benign
20:47:18,Benign
20:47:18,Benign
20:47:18,Benign
20:47:18,Benign
20:47:18,Benign
20:47:18,Benign
20:47:18,Benign
20:47:18,Benign
20:47:18,Benign
20:47:18,Benign
20:47:18,Benign
20:47:18,Benign
20:47:18,Benign
20:47:18,Benign
20:47:18,Benign
20:47:18,Benign
20:47:18,Benign
20:47:18,Benign
20:47:18,Benign
20:47:19,Benign
20:47:19,Benign
20:47:19,Benign
20:47:19,Benign
20:47:19,Benign
20:47:19,Benign
20:47:19,Benign
20:47:19,Benign
20:47:19,Benign
20:47:19,Benign
20:47:19,Benign
20:47:19,Benign
20:47:19,Benign
20:47:19,Benign
20:47:19,Benign
20:47:19,Benign
20:47:19,Benign
20:47:19,Benign
20:47:19,Benign
20:47:19,Benign
20:47:19,Benign
20:47:19,Benign
20:47:19,Benign
20:47:19,Benign
20:47:19,Benign
20:47:19,Benign
20:47:19,Benign
20:47:19,Benign
20:47:19,Benign
20:47:19,Benign
20:47:19,Benign
20:47:19,Benign
20:47:19,Benign
20:47:19,Benign
20:47:19,Benign
20:47:19,Benign
20:47:19,Benign
20:47:19,Benign
20:47:20,Benign
20:47:20,Benign
20:47:20,Benign
20:47:20,Benign
20:47:20,Benign
20:47:20,Benign
20:47:20,Benign
20:47:20,Benign
20:47:20,Benign
20:47:20,Benign
20:47:20,Benign
20:47:20,Benign
20:47:20,Benign
20:47:20,Benign
20:47:20,Benign
20:47:20,Benign
20:47:20,Benign
20:47:20,Benign
20:47:20,Benign
20:47:20,Benign
20:47:20,Benign
20:47:20,Benign
20:47:20,Benign
20:47:20,Benign
20:47:20,Benign
20:47:20,Benign
20:47:20,Benign
20:47:20,Benign
20:47:20,Benign
20:47:20,Benign
20:47:20,Benign
20:47:20,Benign
20:47:20,Benign
20:47:20,Benign
20:47:20,Benign
20:47:20,Benign
20:47:20,Benign
20:47:21,Benign
20:47:21,Benign
20:47:21,Benign
20:47:21,Benign
20:47:21,Benign
20:47:21,Benign
20:47:21,Benign
20:47:21,Benign
20:47:21,Benign
20:47:21,Benign
20:47:21,Benign
20:47:21,Benign
20:47:21,Benign
20:47:21,Benign
20:47:21,Benign
20:47:21,Benign
20:47:21,Benign
20:47:21,Benign
20:47:21,Benign
20:47:21,Benign
20:47:21,Benign
20:47:21,Benign
20:47:21,Benign
20:47:21,Benign
20:47:21,Benign
20:47:21,Benign
20:47:21,Benign
20:47:21,Benign
20:47:21,Benign
20:47:21,Benign
20:47:21,Benign
20:47:21,Benign
20:47:21,Benign
20:47:21,Benign
20:47:21,Benign
20:47:21,Benign
20:47:21,Benign
20:47:22,Benign
20:47:22,Benign
20:47:22,Benign
20:47:22,Benign
20:47:22,Benign
20:47:22,Benign
20:47:22,Benign
20:47:22,Benign
20:47:22,Benign
20:47:22,Benign
20:47:22,Benign
20:47:22,Benign
20:47:22,Benign
20:47:22,Benign
20:47:22,Benign
20:47:22,Benign
20:47:22,Benign
20:47:22,Benign
20:47:22,Benign
20:47:22,Benign
20:47:22,Benign
20:47:22,Benign
20:47:22,Benign
20:47:22,Benign
20:47:22,Benign
20:47:22,Benign
20:47:22,Benign
20:47:22,Benign
20:47:22,Benign
20:47:22,Benign
20:47:22,Benign
20:47:22,Benign
20:47:22,Benign
20:47:22,Benign
20:47:22,Benign
20:47:22,Benign
20:47:22,Benign
20:47:22,Benign
20:47:23,Benign
20:47:23,Benign
20:47:23,Benign
20:47:23,Benign
20:47:23,Benign
20:47:23,Benign
20:47:23,Benign
20:47:23,Benign
20:47:23,Benign
20:47:23,Benign
20:47:23,Benign
20:47:23,Benign
20:47:23,Benign
20:47:23,Benign
20:47:23,Benign
20:47:23,Benign
20:47:23,Benign
20:47:23,Benign
20:47:23,Benign
20:47:23,Benign
20:47:23,Benign
20:47:23,Benign
20:47:23,Benign
20:47:23,Benign
20:47:23,Benign
20:47:23,Benign
20:47:23,Benign
20:47:23,Benign
20:47:23,Benign
20:47:23,Benign
20:47:23,Benign
20:47:23,Benign
20:47:23,Benign
20:47:23,Benign
20:47:23,Benign
20:47:23,Benign
20:47:23,Benign
20:47:24,Benign
20:47:24,Benign
20:47:24,Benign
20:47:24,Benign
20:47:24,Benign
20:47:24,Benign
20:47:24,Benign
20:47:24,Benign
20:47:24,Benign
20:47:24,Benign
20:47:24,Benign
20:47:24,Benign
20:47:24,Benign
20:47:24,Benign
20:47:24,Benign
20:47:24,Benign
20:47:24,Benign
20:47:24,Benign
20:47:24,Benign
20:47:24,Benign
20:47:24,Benign
20:47:24,Benign
20:47:24,Benign
20:47:24,Benign
20:47:24,Benign
20:47:24,Benign
20:47:24,Benign
20:47:24,Benign
20:47:24,Benign
20:47:24,Benign
20:47:24,Benign
20:47:24,Benign
20:47:24,Benign
20:47:24,Benign
20:47:24,Benign
20:47:24,Benign
20:47:24,Benign
20:47:24,Benign
20:47:24,Benign
20:47:24,Benign
20:47:24,Benign
20:47:24,Benign
20:47:24,Benign
20:47:25,Benign
20:47:25,Benign
20:47:25,Benign
20:47:25,Benign
20:47:25,Benign
20:47:25,Benign
20:47:25,Benign
20:47:25,Benign
20:47:25,Benign
20:47:25,Benign
20:47:25,Benign
20:47:25,Benign
20:47:25,Benign
20:47:25,Benign
20:47:25,Benign
20:47:25,Benign
20:47:25,Benign
20:47:25,Benign
20:47:25,Benign
20:47:25,Benign
20:47:25,Benign
20:47:25,Benign
20:47:25,Benign
20:47:25,Benign
20:47:25,Benign
20:47:25,Benign
20:47:25,Benign
20:47:25,Benign
20:47:25,Benign
20:47:25,Benign
20:47:25,Benign
20:47:25,Benign
20:47:25,Benign
20:47:25,Benign
20:47:25,Benign
20:47:25,Benign
20:47:26,Benign
20:47:26,Benign
20:47:26,Benign
20:47:26,Benign
20:47:26,Benign
20:47:26,Benign
20:47:26,Benign
20:47:26,Benign
20:47:26,Benign
20:47:26,Benign
20:47:26,Benign
20:47:26,Benign
20:47:26,Benign
20:47:26,Benign
20:47:26,Benign
20:47:26,Benign
20:47:26,Benign
20:47:26,Benign
20:47:26,Benign
20:47:26,Benign
20:47:26,Benign
20:47:26,Benign
20:47:26,Benign
20:47:26,Benign
20:47:26,Benign
20:47:26,Benign
20:47:26,Benign
20:47:26,Benign
20:47:26,Benign
20:47:26,Benign
20:47:26,Benign
20:47:26,Benign
20:47:26,Benign
20:47:26,Benign
20:47:26,Benign
20:47:26,Benign
20:47:26,Benign
20:47:26,Benign
20:47:26,Benign
20:47:26,Benign
20:47:27,Benign
20:47:27,Benign
20:47:27,Benign
20:47:27,Benign
20:47:27,Benign
20:47:27,Benign
20:47:27,Benign
20:47:27,Benign
20:47:27,Benign
20:47:27,Benign
20:47:27,Benign
20:47:27,Benign
20:47:27,Benign
20:47:27,Benign
20:47:27,Benign
20:47:27,Benign
20:47:27,Benign
20:47:27,Benign
20:47:27,Benign
20:47:27,Benign
20:47:27,Benign
20:47:27,Benign
20:47:27,Benign
20:47:27,Benign
20:47:27,Benign
20:47:27,Benign
20:47:27,Benign
20:47:27,Benign
20:47:27,Benign
20:47:27,Benign
20:47:27,Benign
20:47:27,Benign
20:47:27,Benign
20:47:27,Benign
20:47:27,Benign
20:47:27,Benign
20:47:27,Benign
20:47:27,Benign
20:47:28,Benign
20:47:28,Benign
20:47:28,Benign
20:47:28,Benign
20:47:28,Benign
20:47:28,Benign
20:47:28,Benign
20:47:28,Benign
20:47:28,Benign
20:47:28,Benign
20:47:28,Benign
20:47:28,Benign
20:47:28,Benign
20:47:28,Benign
20:47:28,Benign
20:47:28,Benign
20:47:28,Benign
20:47:28,Benign
20:47:28,Benign
20:47:28,Benign
20:47:28,Benign
20:47:28,Benign
20:47:28,Benign
20:47:28,Benign
20:47:28,Benign
20:47:28,Benign
20:47:28,Benign
20:47:28,Benign
20:47:28,Benign
20:47:28,Benign
20:47:28,Benign
20:47:28,Benign
20:47:28,Benign
20:47:28,Benign
20:47:28,Benign
20:47:28,Benign
20:47:29,Benign
20:47:29,Benign
20:47:29,Benign
20:47:29,Benign
20:47:29,Benign
20:47:29,Benign
20:47:29,Benign
20:47:29,Benign
20:47:29,Benign
20:47:29,Benign
20:47:29,Benign
20:47:29,Benign
20:47:29,Benign
20:47:29,Benign
20:47:29,Benign
20:47:29,Benign
20:47:29,Benign
20:47:29,Benign
20:47:29,Benign
20:47:29,Benign
20:47:29,Benign
20:47:29,Benign
20:47:29,Benign
20:47:29,Benign
20:47:29,Benign
20:47:29,Benign
20:47:29,Benign
20:47:29,Benign
20:47:29,Benign
20:47:29,Benign
20:47:29,Benign
20:47:29,Benign
20:47:29,Benign
20:47:29,Benign
20:47:29,Benign
20:47:29,Benign
20:47:29,Benign
20:47:29,Benign
20:47:29,Benign
20:47:29,Benign
20:47:29,Benign
20:47:29,Benign
20:47:29,Benign
20:47:29,Benign
20:47:29,Benign
20:47:29,Benign
20:47:29,Benign
20:47:29,Benign
20:47:29,Benign
20:47:29,Benign
20:47:29,Benign
20:47:29,Benign
20:47:29,Benign
20:47:29,Benign
20:47:29,Benign
20:47:29,Benign
20:47:29,Benign
20:47:29,Benign
20:47:29,Benign
20:47:29,Benign
20:47:29,Benign
20:47:29,Benign
20:47:29,Benign
20:47:29,Benign
20:47:29,Benign
20:47:29,Benign
20:47:29,Benign
20:47:30,Benign
20:47:30,Benign
20:47:30,Benign
20:47:30,Benign
20:47:30,Benign
20:47:30,Benign
20:47:30,Benign
20:47:30,Benign
20:47:30,Benign
20:47:30,Benign
20:47:30,Benign
20:47:30,Benign
20:47:30,Benign
20:47:30,Benign
20:47:30,Benign
20:47:30,Benign
20:47:30,Benign
20:47:30,Benign
20:47:30,Benign
20:47:30,Benign
20:47:30,Benign
20:47:30,Benign
20:47:30,Benign
20:47:30,Benign
20:47:30,Benign
20:47:30,Benign
20:47:30,Benign
20:47:30,Benign
20:47:30,Benign
20:47:30,Benign
20:47:30,Benign
20:47:30,Benign
20:47:30,Benign
20:47:30,Benign
20:47:30,Benign
20:47:30,Benign
20:47:30,Benign
20:47:30,Benign
20:47:30,Benign
20:47:30,Benign
20:47:30,Benign
20:47:30,Benign
20:47:30,Benign
20:47:30,Benign
20:47:30,Benign
20:47:30,Benign
20:47:30,Benign
20:47:30,Benign
20:47:30,Benign
20:47:30,Benign
20:47:30,Benign
20:47:30,Benign
20:47:30,Benign
20:47:30,Benign
20:47:30,Benign
20:47:30,Benign
20:47:30,Benign
20:47:30,Benign
20:47:30,Benign
20:47:30,Benign
20:47:30,Benign
20:47:30,Benign
20:47:30,Benign
20:47:30,Benign
20:47:30,Benign
20:47:30,Benign
20:47:30,Benign
20:47:30,Benign
20:47:30,Benign
20:47:30,Benign
20:47:30,Benign
20:47:30,Benign
20:47:30,Benign
20:47:30,Benign
20:47:30,Benign
20:47:30,Benign
20:47:30,Benign
20:47:30,Benign
20:47:30,Benign
20:47:30,Benign
20:47:30,Benign
20:47:30,Benign
20:47:30,Benign
20:47:30,Benign
20:47:30,Benign
20:47:30,Benign
20:47:30,Benign
20:47:30,Benign
20:47:30,Benign
20:47:30,Benign
20:47:30,Benign
20:47:30,Benign
20:47:30,Benign
20:47:30,Benign
20:47:30,Benign
20:47:30,Benign
20:47:30,Benign
20:47:30,Benign
20:47:30,Benign
20:47:30,Benign
20:47:30,Benign
20:47:30,Benign
20:47:30,Benign
20:47:30,Benign
20:47:30,Benign
20:47:30,Benign
20:47:30,Benign
20:47:30,Benign
20:47:30,Benign
20:47:30,Benign
20:47:30,Benign
20:47:30,Benign
20:47:30,Benign
20:47:30,Benign
20:47:30,Benign
20:47:30,Benign
20:47:31,Benign
20:47:31,Benign
20:47:31,Benign
20:47:31,Benign
20:47:31,Benign
20:47:31,Benign
20:47:31,Benign
20:47:31,Benign
20:47:31,Benign
20:47:31,Benign
20:47:31,Benign
20:47:31,Benign
20:47:31,Benign
20:47:31,Benign
20:47:31,Benign
20:47:31,Benign
20:47:31,Benign
20:47:31,Benign
20:47:31,Benign
20:47:31,Benign
20:47:31,Benign
20:47:31,Benign
20:47:31,Benign
20:47:31,Benign
20:47:31,Benign
20:47:31,Benign
20:47:31,Benign
20:47:31,Benign
20:47:31,Benign
20:47:31,Benign
20:47:31,Benign
20:47:31,Benign
20:47:31,Benign
20:47:31,Benign
20:47:31,Benign
20:47:31,Benign
20:47:31,Benign
20:47:31,Benign
20:47:31,Benign
20:47:31,Benign
20:47:31,Benign
20:47:31,Benign
20:47:31,Benign
20:47:31,Benign
20:47:31,Benign
20:47:31,Benign
20:47:31,Benign
20:47:31,Benign
20:47:31,Benign
20:47:31,Benign
20:47:31,Benign
20:47:31,Benign
20:47:31,Benign
20:47:31,Benign
20:47:31,Benign
20:47:31,Benign
20:47:31,Benign
20:47:31,Benign
20:47:31,Benign
20:47:31,Benign
20:47:31,Benign
20:47:31,Benign
20:47:31,Benign
20:47:31,Benign
20:47:31,Benign
20:47:31,Benign
20:47:31,Benign
20:47:31,Benign
20:47:31,Benign
20:47:31,Benign
20:47:31,Benign
20:47:31,Benign
20:47:31,Benign
20:47:31,Benign
20:47:31,Benign
20:47:31,Benign
20:47:31,Benign
20:47:31,Benign
20:47:31,Benign
20:47:31,Benign
20:47:31,Benign
20:47:31,Benign
20:47:31,Benign
20:47:31,Benign
20:47:31,Benign
20:47:31,Benign
20:47:31,Benign
20:47:31,Benign
20:47:31,Benign
20:47:31,Benign
20:47:31,Benign
20:47:31,Benign
20:47:31,Benign
20:47:31,Benign
20:47:31,Benign
20:47:31,Benign
20:47:31,Benign
20:47:31,Benign
20:47:31,Benign
20:47:31,Benign
20:47:31,Benign
20:47:31,Benign
20:47:31,Benign
20:47:31,Benign
20:47:31,Benign
20:47:31,Benign
20:47:31,Benign
20:47:31,Benign
20:47:31,Benign
20:47:31,Benign
20:47:31,Benign
20:47:31,Benign
20:47:31,Benign
20:47:32,Benign
20:47:32,Benign
20:47:32,Benign
20:47:32,Benign
20:47:32,Benign
20:47:32,Benign
20:47:32,Benign
20:47:32,Benign
20:47:32,Benign
20:47:32,Benign
20:47:32,Benign
20:47:32,Benign
20:47:32,Benign
20:47:32,Benign
20:47:32,Benign
20:47:32,Benign
20:47:32,Benign
20:47:32,Benign
20:47:32,Benign
20:47:32,Benign
20:47:32,Benign
20:47:32,Benign
20:47:32,Benign
20:47:32,Benign
20:47:32,Benign
20:47:32,Benign
20:47:32,Benign
20:47:32,Benign
20:47:32,Benign
20:47:32,Benign
20:47:32,Benign
20:47:32,Benign
20:47:32,Benign
20:47:32,Benign
20:47:32,Benign
20:47:32,Benign
20:47:32,Benign
20:47:32,Benign
20:47:32,Benign
20:47:32,Benign
20:47:32,Benign
20:47:32,Benign
20:47:32,Benign
20:47:32,Benign
20:47:32,Benign
20:47:32,Benign
20:47:32,Benign
20:47:32,Benign
20:47:32,Benign
20:47:32,Benign
20:47:32,Benign
20:47:32,Benign
20:47:32,Benign
20:47:32,Benign
20:47:32,Benign
20:47:32,Benign
20:47:32,Benign
20:47:32,Benign
20:47:32,Benign
20:47:32,Benign
20:47:32,Benign
20:47:32,Benign
20:47:32,Benign
20:47:32,Benign
20:47:32,Benign
20:47:32,Benign
20:47:32,Benign
20:47:32,Benign
20:47:32,Benign
20:47:32,Benign
20:47:32,Benign
20:47:32,Benign
20:47:32,Benign
20:47:32,Benign
20:47:32,Benign
20:47:32,Benign
20:47:32,Benign
20:47:32,Benign
20:47:32,Benign
20:47:32,Benign
20:47:32,Benign
20:47:32,Benign
20:47:32,Benign
20:47:32,Benign
20:47:32,Benign
20:47:32,Benign
20:47:32,Benign
20:47:32,Benign
20:47:32,Benign
20:47:32,Benign
20:47:32,Benign
20:47:32,Benign
20:47:32,Benign
20:47:32,Benign
20:47:32,Benign
20:47:32,Benign
20:47:32,Benign
20:47:32,Benign
20:47:32,Benign
20:47:32,Benign
20:47:32,Benign
20:47:32,Benign
20:47:32,Benign
20:47:32,Benign
20:47:32,Benign
20:47:32,Benign
20:47:32,Benign
20:47:32,Benign
20:47:32,Benign
20:47:32,Benign
20:47:32,Benign
20:47:32,Benign
20:47:33,Benign
20:47:33,Benign
20:47:33,Benign
20:47:33,Benign
20:47:33,Benign
20:47:33,Benign
20:47:33,Benign
20:47:33,Benign
20:47:33,Benign
20:47:33,Benign
20:47:33,Benign
20:47:33,Benign
20:47:33,Benign
20:47:33,Benign
20:47:33,Benign
20:47:33,Benign
20:47:33,Benign
20:47:33,Benign
20:47:33,Benign
20:47:33,Benign
20:47:33,Benign
20:47:33,Benign
20:47:33,Benign
20:47:33,Benign
20:47:33,Benign
20:47:33,Benign
20:47:33,Benign
20:47:33,Benign
20:47:33,Benign
20:47:33,Benign
20:47:33,Benign
20:47:33,Benign
20:47:33,Benign
20:47:33,Benign
20:47:33,Benign
20:47:33,Benign
20:47:33,Benign
20:47:33,Benign
20:47:33,Benign
20:47:33,Benign
20:47:33,Benign
20:47:33,Benign
20:47:33,Benign
20:47:33,Benign
20:47:33,Benign
20:47:33,Benign
20:47:33,Benign
20:47:33,Benign
20:47:33,Benign
20:47:33,Benign
20:47:33,Benign
20:47:33,Benign
20:47:33,Benign
20:47:33,Benign
20:47:33,Benign
20:47:33,Benign
20:47:33,Benign
20:47:33,Benign
20:47:33,Benign
20:47:33,Benign
20:47:33,Benign
20:47:33,Benign
20:47:33,Benign
20:47:33,Benign
20:47:33,Benign
20:47:33,Benign
20:47:33,Benign
20:47:33,Benign
20:47:33,Benign
20:47:33,Benign
20:47:33,Benign
20:47:33,Benign
20:47:33,Benign
20:47:33,Benign
20:47:33,Benign
20:47:33,Benign
20:47:33,Benign
20:47:33,Benign
20:47:33,Benign
20:47:33,Benign
20:47:33,Benign
20:47:33,Benign
20:47:33,Benign
20:47:33,Benign
20:47:33,Benign
20:47:33,Benign
20:47:33,Benign
20:47:33,Benign
20:47:33,Benign
20:47:33,Benign
20:47:33,Benign
20:47:33,Benign
20:47:33,Benign
20:47:33,Benign
20:47:33,Benign
20:47:33,Benign
20:47:33,Benign
20:47:33,Benign
20:47:33,Benign
20:47:33,Benign
20:47:33,Benign
20:47:33,Benign
20:47:33,Benign
20:47:33,Benign
20:47:33,Benign
20:47:33,Benign
20:47:33,Benign
20:47:33,Benign
20:47:33,Benign
20:47:33,Benign
20:47:33,Benign
20:47:33,Benign
20:47:33,Benign
20:47:33,Benign
20:47:33,Benign
20:47:34,Benign
20:47:34,Benign
20:47:34,Benign
20:47:34,Benign
20:47:34,Benign
20:47:34,Benign
20:47:34,Benign
20:47:34,Benign
20:47:34,Benign
20:47:34,Benign
20:47:34,Benign
20:47:34,Benign
20:47:34,Benign
20:47:34,Benign
20:47:34,Benign
20:47:34,Benign
20:47:34,Benign
20:47:34,Benign
20:47:34,Benign
20:47:34,Benign
20:47:34,Benign
20:47:34,Benign
20:47:34,Benign
20:47:34,Benign
20:47:34,Benign
20:47:34,Benign
20:47:34,Benign
20:47:34,Benign
20:47:34,Benign
20:47:34,Benign
20:47:34,Benign
20:47:34,Benign
20:47:34,Benign
20:47:34,Benign
20:47:34,Benign
20:47:34,Benign
20:47:34,Benign
20:47:34,Benign
20:47:34,Benign
20:47:34,Benign
20:47:34,Benign
20:47:34,Benign
20:47:34,Benign
20:47:34,Benign
20:47:34,Benign
20:47:34,Benign
20:47:34,Benign
20:47:34,Benign
20:47:34,Benign
20:47:34,Benign
20:47:34,Benign
20:47:34,Benign
20:47:34,Benign
20:47:34,Benign
20:47:34,Benign
20:47:34,Benign
20:47:34,Benign
20:47:34,Benign
20:47:34,Benign
20:47:34,Benign
20:47:34,Benign
20:47:34,Benign
20:47:34,Benign
20:47:34,Benign
20:47:34,Benign
20:47:34,Benign
20:47:34,Benign
20:47:34,Benign
20:47:34,Benign
20:47:34,Benign
20:47:34,Benign
20:47:34,Benign
20:47:34,Benign
20:47:34,Benign
20:47:34,Benign
20:47:34,Benign
20:47:34,Benign
20:47:34,Benign
20:47:34,Benign
20:47:34,Benign
20:47:34,Benign
20:47:34,Benign
20:47:34,Benign
20:47:34,Benign
20:47:34,Benign
20:47:34,Benign
20:47:34,Benign
20:47:34,Benign
20:47:34,Benign
20:47:34,Benign
20:47:34,Benign
20:47:34,Benign
20:47:34,Benign
20:47:34,Benign
20:47:34,Benign
20:47:34,Benign
20:47:34,Benign
20:47:34,Benign
20:47:34,Benign
20:47:34,Benign
20:47:34,Benign
20:47:34,Benign
20:47:34,Benign
20:47:34,Benign
20:47:34,Benign
20:47:34,Benign
20:47:34,Benign
20:47:34,Benign
20:47:34,Benign
20:47:34,Benign
20:47:34,Benign
20:47:34,Benign
20:47:34,Benign
20:47:34,Benign
20:47:34,Benign
20:47:34,Benign
20:47:34,Benign
20:47:35,Benign
20:47:35,Benign
20:47:35,Benign
20:47:35,Benign
20:47:35,Benign
20:47:35,Benign
20:47:35,Benign
20:47:35,Benign
20:47:35,Benign
20:47:35,Benign
20:47:35,Benign
20:47:35,Benign
20:47:35,Benign
20:47:35,Benign
20:47:35,Benign
20:47:35,Benign
20:47:35,Benign
20:47:35,Benign
20:47:35,Benign
20:47:35,Benign
20:47:35,Benign
20:47:35,Benign
20:47:35,Benign
20:47:35,Benign
20:47:35,Benign
20:47:35,Benign
20:47:35,Benign
20:47:35,Benign
20:47:35,Benign
20:47:35,Benign
20:47:35,Benign
20:47:35,Benign
20:47:35,Benign
20:47:35,Benign
20:47:35,Benign
20:47:35,Benign
20:47:35,Benign
20:47:35,Benign
20:47:35,Benign
20:47:35,Benign
20:47:35,Benign
20:47:35,Benign
20:47:35,Benign
20:47:35,Benign
20:47:35,Benign
20:47:35,Benign
20:47:35,Benign
20:47:35,Benign
20:47:35,Benign
20:47:35,Benign
20:47:35,Benign
20:47:35,Benign
20:47:35,Benign
20:47:35,Benign
20:47:35,Benign
20:47:35,Benign
20:47:35,Benign
20:47:35,Benign
20:47:35,Benign
20:47:35,Benign
20:47:35,Benign
20:47:35,Benign
20:47:35,Benign
20:47:35,Benign
20:47:35,Benign
20:47:35,Benign
20:47:35,Benign
20:47:35,Benign
20:47:35,Benign
20:47:35,Benign
20:47:35,Benign
20:47:35,Benign
20:47:35,Benign
20:47:35,Benign
20:47:35,Benign
20:47:35,Benign
20:47:35,Benign
20:47:35,Benign
20:47:35,Benign
20:47:35,Benign
20:47:35,Benign
20:47:35,Benign
20:47:35,Benign
20:47:35,Benign
20:47:35,Benign
20:47:35,Benign
20:47:35,Benign
20:47:35,Benign
20:47:35,Benign
20:47:35,Benign
20:47:35,Benign
20:47:35,Benign
20:47:35,Benign
20:47:35,Benign
20:47:35,Benign
20:47:35,Benign
20:47:35,Benign
20:47:35,Benign
20:47:35,Benign
20:47:35,Benign
20:47:35,Benign
20:47:35,Benign
20:47:35,Benign
20:47:35,Benign
20:47:35,Benign
20:47:35,Benign
20:47:35,Benign
20:47:35,Benign
20:47:35,Benign
20:47:35,Benign
20:47:35,Benign
20:47:35,Benign
20:47:35,Benign
20:47:35,Benign
20:47:35,Benign
20:47:35,Benign
20:47:35,Benign
20:47:35,Benign
20:47:35,Benign
20:47:35,Benign
20:47:35,Benign
20:47:35,Benign
20:47:35,Benign
20:47:35,Benign
20:47:35,Benign
20:47:36,Benign
20:47:36,Benign
20:47:36,Benign
20:47:36,Benign
20:47:36,Benign
20:47:36,Benign
20:47:36,Benign
20:47:36,Benign
20:47:36,Benign
20:47:36,Benign
20:47:36,Benign
20:47:36,Benign
20:47:36,Benign
20:47:36,Benign
20:47:36,Benign
20:47:36,Benign
20:47:36,Benign
20:47:36,Benign
20:47:36,Benign
20:47:36,Benign
20:47:36,Benign
20:47:36,Benign
20:47:36,Benign
20:47:36,Benign
20:47:36,Benign
20:47:36,Benign
20:47:36,Benign
20:47:36,Benign
20:47:36,Benign
20:47:36,Benign
20:47:36,Benign
20:47:36,Benign
20:47:36,Benign
20:47:36,Benign
20:47:36,Benign
20:47:36,Benign
20:47:36,Benign
20:47:36,Benign
20:47:36,Benign
20:47:36,Benign
20:47:36,Benign
20:47:36,Benign
20:47:36,Benign
20:47:36,Benign
20:47:36,Benign
20:47:36,Benign
20:47:36,Benign
20:47:36,Benign
20:47:36,Benign
20:47:36,Benign
20:47:36,Benign
20:47:36,Benign
20:47:36,Benign
20:47:36,Benign
20:47:36,Benign
20:47:36,Benign
20:47:36,Benign
20:47:36,Benign
20:47:36,Benign
20:47:36,Benign
20:47:36,Benign
20:47:36,Benign
20:47:36,Benign
20:47:36,Benign
20:47:36,Benign
20:47:36,Benign
20:47:36,Benign
20:47:36,Benign
20:47:36,Benign
20:47:36,Benign
20:47:36,Benign
20:47:37,Benign
20:47:37,Benign
20:47:37,Benign
20:47:37,Benign
20:47:37,Benign
20:47:37,Benign
20:47:37,Benign
20:47:37,Benign
20:47:37,Benign
20:47:37,Benign
20:47:37,Benign
20:47:37,Benign
20:47:37,Benign
20:47:37,Benign
20:47:37,Benign
20:47:37,Benign
20:47:37,Benign
20:47:37,Benign
20:47:38,Benign
20:47:38,Benign
20:47:38,Benign
20:47:38,Benign
20:47:38,Benign
20:47:38,Benign
20:47:38,Benign
20:47:38,Benign
20:47:38,Benign
20:47:38,Benign
20:47:38,Benign
20:47:38,Benign
20:47:38,Benign
20:47:38,Benign
20:47:38,Benign
20:47:38,Benign
20:47:38,Benign
20:47:38,Benign
20:47:39,Benign
20:47:39,Benign
20:47:39,Benign
20:47:39,Benign
20:47:39,Benign
20:47:39,Benign
20:47:39,Benign
20:47:39,Benign
20:47:39,Benign
20:47:39,Benign
20:47:39,Benign
20:47:39,Benign
20:47:39,Benign
20:47:39,Benign
20:47:39,Benign
20:47:39,Benign
20:47:39,Benign
20:47:39,Benign
20:47:39,Benign
20:47:39,Benign
20:47:39,Benign
20:47:39,Benign
20:47:39,Benign
20:47:40,Benign
20:47:40,Benign
20:47:40,Benign
20:47:40,Benign
20:47:40,Benign
20:47:40,Benign
20:47:40,Benign
20:47:40,Benign
20:47:40,Benign
20:47:40,Benign
20:47:40,Benign
20:47:41,Benign
20:47:41,Benign
20:47:41,Benign
20:47:41,Benign
20:47:41,Benign
20:47:41,Benign
20:47:41,Benign
20:47:41,Benign
20:47:41,Benign
20:47:41,Benign
20:47:41,Benign
20:47:41,Benign
20:47:41,Benign
20:47:41,Benign
20:47:41,Benign
20:47:41,Benign
20:47:41,Benign
20:47:41,Benign
20:47:41,Benign
20:47:41,Benign
20:47:41,Benign
20:47:41,Benign
20:47:41,Benign
20:47:41,Benign
20:47:41,Benign
20:47:41,Benign
20:47:41,Benign
20:47:41,Benign
20:47:41,Benign
20:47:41,Benign
20:47:41,Benign
20:47:41,Benign
20:47:41,Benign
20:47:41,Benign
20:47:41,Benign
20:47:41,Benign
20:47:41,Benign
20:47:42,Benign
20:47:42,Benign
20:47:42,Benign
20:47:42,Benign
20:47:42,Benign
20:47:42,Benign
20:47:42,Benign
20:47:42,Benign
20:47:42,Benign
20:47:42,Benign
20:47:42,Benign
20:47:42,Benign
20:47:42,Benign
20:47:42,Benign
20:47:42,Benign
20:47:42,Benign
20:47:42,Benign
20:47:42,Benign
20:47:42,Benign
20:47:42,Benign
20:47:42,Benign
20:47:42,Benign
20:47:42,Benign
20:47:42,Benign
20:47:42,Benign
20:47:42,Benign
20:47:42,Benign
20:47:42,Benign
20:47:42,Benign
20:47:42,Benign
20:47:42,Benign
20:47:42,Benign
20:47:42,Benign
20:47:42,Benign
20:47:42,Benign
20:47:42,Benign
20:47:42,Benign
20:47:42,Benign
20:47:42,Benign
20:47:42,Benign
20:47:42,Benign
20:47:42,Benign
20:47:42,Benign
20:47:42,Benign
20:47:42,Benign
20:47:42,Benign
20:47:42,Benign
20:47:42,Benign
20:47:42,Benign
20:47:42,Benign
20:47:42,Benign
20:47:42,Benign
20:47:42,Benign
20:47:42,Benign
20:47:42,Benign
20:47:42,Benign
20:47:42,Benign
20:47:42,Benign
20:47:42,Benign
20:47:42,Benign
20:47:42,Benign
20:47:43,Benign
20:47:43,Benign
20:47:43,Benign
20:47:43,Benign
20:47:43,Benign
20:47:43,Benign
20:47:43,Benign
20:47:43,Benign
20:47:43,Benign
20:47:43,Benign
20:47:43,Benign
20:47:43,Benign
20:47:43,Benign
20:47:43,Benign
20:47:43,Benign
20:47:43,Benign
20:47:43,Benign
20:47:43,Benign
20:47:44,Benign
20:47:44,Benign
20:47:44,Benign
20:47:44,Benign
20:47:44,Benign
20:47:44,Benign
20:47:44,Benign
20:47:44,Benign
20:47:44,Benign
20:47:44,Benign
20:47:44,Benign
20:47:44,Benign
20:47:44,Benign
20:47:44,Benign
20:47:44,Benign
20:47:44,Benign
20:47:44,Benign
20:47:45,Benign
20:47:45,Benign
20:47:45,Benign
20:47:45,Benign
20:47:46,Benign
20:47:46,Benign
20:47:46,Benign
20:47:46,Benign
20:47:46,Benign
20:47:47,Benign
20:47:47,Benign
20:47:47,Benign
20:47:47,Benign
20:47:47,Benign
20:47:47,Benign
20:47:47,Benign
20:47:47,Benign
20:47:47,Benign
20:47:47,Benign
20:47:47,Benign
20:47:47,Benign
20:47:47,Benign
20:47:47,Benign
20:47:47,Benign
20:47:47,Benign
20:47:47,Benign
20:47:47,Benign
20:47:47,Benign
20:47:47,Benign
20:47:47,Benign
20:47:47,Benign
20:47:47,Benign
20:47:47,Benign
20:47:47,Benign
20:47:47,Benign
20:47:47,Benign
20:47:47,Benign
20:47:47,Benign
20:47:47,Benign
20:47:47,Benign
20:47:47,Benign
20:47:47,Benign
20:47:47,Benign
20:47:47,Benign
20:47:47,Benign
20:47:47,Benign
20:47:47,Benign
20:47:47,Benign
20:47:47,Benign
20:47:47,Benign
20:47:47,Benign
20:47:48,Benign
20:47:48,Benign
20:47:48,Benign
20:47:48,Benign
20:47:48,Benign
20:47:48,Benign
20:47:48,Benign
20:47:48,Benign
20:47:48,Benign
20:47:48,Benign
20:47:48,Benign
20:47:48,Benign
20:47:48,Benign
20:47:48,Benign
20:47:48,Benign
20:47:48,Benign
20:47:48,Benign
20:47:48,Benign
20:47:48,Benign
20:47:48,Benign
20:47:48,Benign
20:47:48,Benign
20:47:48,Benign
20:47:48,Benign
20:47:48,Benign
20:47:48,Benign
20:47:48,Benign
20:47:48,Benign
20:47:48,Benign
20:47:48,Benign
20:47:48,Benign
20:47:48,Benign
20:47:48,Benign
20:47:48,Benign
20:47:48,Benign
20:47:48,Benign
20:47:48,Benign
20:47:48,Benign
20:47:48,Benign
20:47:48,Benign
20:47:48,Benign
20:47:48,Benign
20:47:48,Benign
20:47:48,Benign
20:47:48,Benign
20:47:48,Benign
20:47:48,Benign
20:47:48,Benign
20:47:48,Benign
20:47:48,Benign
20:47:48,Benign
20:47:48,Benign
20:47:48,Benign
20:47:48,Benign
20:47:48,Benign
20:47:48,Benign
20:47:48,Benign
20:47:48,Benign
20:47:48,Benign
20:47:48,Benign
20:47:48,Benign
20:47:48,Benign
20:47:48,Benign
20:47:48,Benign
20:47:48,Benign
20:47:48,Benign
20:47:48,Benign
20:47:48,Benign
20:47:48,Benign
20:47:49,Benign
20:47:49,Benign
20:47:49,Benign
20:47:49,Benign
20:47:49,Benign
20:47:49,Benign
20:47:49,Benign
20:47:49,Benign
20:47:49,Benign
20:47:49,Benign
20:47:49,Benign
20:47:49,Benign
20:47:49,Benign
20:47:49,Benign
20:47:49,Benign
20:47:49,Benign
20:47:49,Benign
20:47:49,Benign
20:47:49,Benign
20:47:49,Benign
20:47:49,Benign
20:47:49,Benign
20:47:49,Benign
20:47:49,Benign
20:47:49,Benign
20:47:49,Benign
20:47:49,Benign
20:47:49,Benign
20:47:49,Benign
20:47:49,Benign
20:47:49,Benign
20:47:49,Benign
20:47:49,Benign
20:47:49,Benign
20:47:49,Benign
20:47:49,Benign
20:47:49,Benign
20:47:49,Benign
20:47:49,Benign
20:47:49,Benign
20:47:49,Benign
20:47:49,Benign
20:47:49,Benign
20:47:49,Benign
20:47:49,Benign
20:47:49,Benign
20:47:49,Benign
20:47:49,Benign
20:47:49,Benign
20:47:49,Benign
20:47:49,Benign
20:47:49,Benign
20:47:49,Benign
20:47:49,Benign
20:47:49,Benign
20:47:49,Benign
20:47:49,Benign
20:47:49,Benign
20:47:49,Benign
20:47:49,Benign
20:47:49,Benign
20:47:49,Benign
20:47:49,Benign
20:47:49,Benign
20:47:49,Benign
20:47:49,Benign
20:47:49,Benign
20:47:49,Benign
20:47:49,Benign
20:47:49,Benign
20:47:49,Benign
20:47:49,Benign
20:47:49,Benign
20:47:49,Benign
20:47:49,Benign
20:47:49,Benign
20:47:49,Benign
20:47:49,Benign
20:47:49,Benign
20:47:49,Benign
20:47:49,Benign
20:47:49,Benign
20:47:49,Benign
20:47:49,Benign
20:47:49,Benign
20:47:49,Benign
20:47:49,Benign
20:47:49,Benign
20:47:49,Benign
20:47:49,Benign
20:47:49,Benign
20:47:49,Benign
20:47:49,Benign
20:47:49,Benign
20:47:49,Benign
20:47:49,Benign
20:47:49,Benign
20:47:49,Benign
20:47:49,Benign
20:47:49,Benign
20:47:49,Benign
20:47:49,Benign
20:47:49,Benign
20:47:49,Benign
20:47:49,Benign
20:47:49,Benign
20:47:49,Benign
20:47:49,Benign
20:47:49,Benign
20:47:49,Benign
20:47:49,Benign
20:47:49,Benign
20:47:49,Benign
20:47:49,Benign
20:47:49,Benign
20:47:49,Benign
20:47:49,Benign
20:47:49,Benign
20:47:50,Benign
20:47:50,Benign
20:47:50,Benign
20:47:50,Benign
20:47:50,Benign
20:47:50,Benign
20:47:50,Benign
20:47:50,Benign
20:47:50,Benign
20:47:50,Benign
20:47:50,Benign
20:47:50,Benign
20:47:50,Benign
20:47:50,Benign
20:47:50,Benign
20:47:50,Benign
20:47:50,Benign
20:47:50,Benign
20:47:50,Benign
20:47:50,Benign
20:47:50,Benign
20:47:50,Benign
20:47:50,Benign
20:47:50,Benign
20:47:50,Benign
20:47:50,Benign
20:47:50,Benign
20:47:50,Benign
20:47:50,Benign
20:47:50,Benign
20:47:50,Benign
20:47:50,Benign
20:47:50,Benign
20:47:50,Benign
20:47:50,Benign
20:47:50,Benign
20:47:50,Benign
20:47:50,Benign
20:47:50,Benign
20:47:50,Benign
20:47:50,Benign
20:47:50,Benign
20:47:50,Benign
20:47:50,Benign
20:47:50,Benign
20:47:50,Benign
20:47:50,Benign
20:47:50,Benign
20:47:50,Benign
20:47:50,Benign
20:47:50,Benign
20:47:50,Benign
20:47:50,Benign
20:47:50,Benign
20:47:50,Benign
20:47:50,Benign
20:47:50,Benign
20:47:50,Benign
20:47:50,Benign
20:47:50,Benign
20:47:50,Benign
20:47:50,Benign
20:47:50,Benign
20:47:50,Benign
20:47:50,Benign
20:47:50,Benign
20:47:50,Benign
20:47:50,Benign
20:47:50,Benign
20:47:50,Benign
20:47:50,Benign
20:47:50,Benign
20:47:50,Benign
20:47:50,Benign
20:47:50,Benign
20:47:50,Benign
20:47:50,Benign
20:47:50,Benign
20:47:50,Benign
20:47:50,Benign
20:47:50,Benign
20:47:50,Benign
20:47:50,Benign
20:47:50,Benign
20:47:50,Benign
20:47:50,Benign
20:47:50,Benign
20:47:50,Benign
20:47:50,Benign
20:47:50,Benign
20:47:50,Benign
20:47:50,Benign
20:47:50,Benign
20:47:50,Benign
20:47:50,Benign
20:47:50,Benign
20:47:50,Benign
20:47:50,Benign
20:47:50,Benign
20:47:50,Benign
20:47:50,Benign
20:47:50,Benign
20:47:50,Benign
20:47:50,Benign
20:47:50,Benign
20:47:50,Benign
20:47:50,Benign
20:47:50,Benign
20:47:50,Benign
20:47:50,Benign
20:47:50,Benign
20:47:50,Benign
20:47:50,Benign
20:47:50,Benign
20:47:50,Benign
20:47:50,Benign
20:47:50,Benign
20:47:51,Benign
20:47:51,Benign
20:47:51,Benign
20:47:51,Benign
20:47:51,Benign
20:47:51,Benign
20:47:51,Benign
20:47:51,Benign
20:47:51,Benign
20:47:51,Benign
20:47:51,Benign
20:47:51,Benign
20:47:51,Benign
20:47:51,Benign
20:47:51,Benign
20:47:51,Benign
20:47:51,Benign
20:47:51,Benign
20:47:51,Benign
20:47:51,Benign
20:47:51,Benign
20:47:51,Benign
20:47:51,Benign
20:47:51,Benign
20:47:51,Benign
20:47:51,Benign
20:47:51,Benign
20:47:51,Benign
20:47:51,Benign
20:47:51,Benign
20:47:51,Benign
20:47:51,Benign
20:47:51,Benign
20:47:51,Benign
20:47:51,Benign
20:47:51,Benign
20:47:51,Benign
20:47:51,Benign
20:47:51,Benign
20:47:51,Benign
20:47:51,Benign
20:47:51,Benign
20:47:51,Benign
20:47:51,Benign
20:47:51,Benign
20:47:51,Benign
20:47:51,Benign
20:47:51,Benign
20:47:51,Benign
20:47:51,Benign
20:47:51,Benign
20:47:51,Benign
20:47:51,Benign
20:47:51,Benign
20:47:51,Benign
20:47:51,Benign
20:47:51,Benign
20:47:51,Benign
20:47:51,Benign
20:47:51,Benign
20:47:51,Benign
20:47:51,Benign
20:47:51,Benign
20:47:51,Benign
20:47:51,Benign
20:47:51,Benign
20:47:51,Benign
20:47:51,Benign
20:47:51,Benign
20:47:51,Benign
20:47:51,Benign
20:47:51,Benign
20:47:51,Benign
20:47:51,Benign
20:47:51,Benign
20:47:51,Benign
20:47:51,Benign
20:47:51,Benign
20:47:51,Benign
20:47:51,Benign
20:47:51,Benign
20:47:51,Benign
20:47:51,Benign
20:47:51,Benign
20:47:51,Benign
20:47:51,Benign
20:47:51,Benign
20:47:51,Benign
20:47:51,Benign
20:47:51,Benign
20:47:51,Benign
20:47:51,Benign
20:47:51,Benign
20:47:51,Benign
20:47:51,Benign
20:47:51,Benign
20:47:51,Benign
20:47:51,Benign
20:47:51,Benign
20:47:51,Benign
20:47:51,Benign
20:47:51,Benign
20:47:51,Benign
20:47:51,Benign
20:47:51,Benign
20:47:51,Benign
20:47:51,Benign
20:47:51,Benign
20:47:51,Benign
20:47:51,Benign
20:47:51,Benign
20:47:51,Benign
20:47:51,Benign
20:47:51,Benign
20:47:51,Benign
20:47:51,Benign
20:47:51,Benign
20:47:51,Benign
20:47:52,Benign
20:47:52,Benign
20:47:52,Benign
20:47:52,Benign
20:47:52,Benign
20:47:52,Benign
20:47:52,Benign
20:47:52,Benign
20:47:52,Benign
20:47:52,Benign
20:47:52,Benign
20:47:52,Benign
20:47:52,Benign
20:47:52,Benign
20:47:52,Benign
20:47:52,Benign
20:47:52,Benign
20:47:52,Benign
20:47:52,Benign
20:47:52,Benign
20:47:52,Benign
20:47:52,Benign
20:47:52,Benign
20:47:52,Benign
20:47:52,Benign
20:47:52,Benign
20:47:52,Benign
20:47:52,Benign
20:47:52,Benign
20:47:52,Benign
20:47:52,Benign
20:47:52,Benign
20:47:52,Benign
20:47:52,Benign
20:47:52,Benign
20:47:52,Benign
20:47:52,Benign
20:47:52,Benign
20:47:52,Benign
20:47:52,Benign
20:47:52,Benign
20:47:52,Benign
20:47:52,Benign
20:47:52,Benign
20:47:52,Benign
20:47:52,Benign
20:47:52,Benign
20:47:52,Benign
20:47:52,Benign
20:47:52,Benign
20:47:52,Benign
20:47:52,Benign
20:47:52,Benign
20:47:52,Benign
20:47:52,Benign
20:47:52,Benign
20:47:52,Benign
20:47:52,Benign
20:47:52,Benign
20:47:52,Benign
20:47:52,Benign
20:47:52,Benign
20:47:52,Benign
20:47:52,Benign
20:47:52,Benign
20:47:52,Benign
20:47:52,Benign
20:47:52,Benign
20:47:52,Benign
20:47:52,Benign
20:47:52,Benign
20:47:52,Benign
20:47:52,Benign
20:47:52,Benign
20:47:52,Benign
20:47:52,Benign
20:47:52,Benign
20:47:52,Benign
20:47:52,Benign
20:47:52,Benign
20:47:52,Benign
20:47:52,Benign
20:47:52,Benign
20:47:52,Benign
20:47:52,Benign
20:47:52,Benign
20:47:52,Benign
20:47:52,Benign
20:47:52,Benign
20:47:52,Benign
20:47:52,Benign
20:47:52,Benign
20:47:52,Benign
20:47:52,Benign
20:47:52,Benign
20:47:52,Benign
20:47:52,Benign
20:47:52,Benign
20:47:52,Benign
20:47:52,Benign
20:47:52,Benign
20:47:52,Benign
20:47:52,Benign
20:47:52,Benign
20:47:52,Benign
20:47:52,Benign
20:47:52,Benign
20:47:52,Benign
20:47:52,Benign
20:47:52,Benign
20:47:52,Benign
20:47:52,Benign
20:47:52,Benign
20:47:52,Benign
20:47:52,Benign
20:47:52,Benign
20:47:52,Benign
20:47:52,Benign
20:47:52,Benign
20:47:52,Benign
20:47:52,Benign
20:47:52,Benign
20:47:52,Benign
20:47:52,Benign
20:47:52,Benign
20:47:52,Benign
20:47:52,Benign
20:47:52,Benign
20:47:52,Benign
20:47:52,Benign
20:47:52,Benign
20:47:52,Benign
20:47:52,Benign
20:47:52,Benign
20:47:52,Benign
20:47:52,Benign
20:47:52,Benign
20:47:52,Benign
20:47:53,Benign
20:47:53,Benign
20:47:53,Benign
20:47:53,Benign
20:47:53,Benign
20:47:53,Benign
20:47:53,Benign
20:47:53,Benign
20:47:53,Benign
20:47:53,Benign
20:47:53,Benign
20:47:53,Benign
20:47:53,Benign
20:47:53,Benign
20:47:53,Benign
20:47:53,Benign
20:47:53,Benign
20:47:53,Benign
20:47:53,Benign
20:47:53,Benign
20:47:53,Benign
20:47:53,Benign
20:47:53,Benign
20:47:53,Benign
20:47:53,Benign
20:47:53,Benign
20:47:53,Benign
20:47:53,Benign
20:47:53,Benign
20:47:53,Benign
20:47:53,Benign
20:47:53,Benign
20:47:53,Benign
20:47:53,Benign
20:47:53,Benign
20:47:53,Benign
20:47:53,Benign
20:47:53,Benign
20:47:53,Benign
20:47:53,Benign
20:47:53,Benign
20:47:53,Benign
20:47:53,Benign
20:47:53,Benign
20:47:53,Benign
20:47:53,Benign
20:47:53,Benign
20:47:53,Benign
20:47:53,Benign
20:47:53,Benign
20:47:53,Benign
20:47:53,Benign
20:47:53,Benign
20:47:53,Benign
20:47:53,Benign
20:47:53,Benign
20:47:53,Benign
20:47:53,Benign
20:47:53,Benign
20:47:53,Benign
20:47:53,Benign
20:47:53,Benign
20:47:53,Benign
20:47:53,Benign
20:47:53,Benign
20:47:53,Benign
20:47:53,Benign
20:47:53,Benign
20:47:53,Benign
20:47:53,Benign
20:47:53,Benign
20:47:53,Benign
20:47:53,Benign
20:47:53,Benign
20:47:53,Benign
20:47:53,Benign
20:47:53,Benign
20:47:53,Benign
20:47:53,Benign
20:47:53,Benign
20:47:53,Benign
20:47:53,Benign
20:47:53,Benign
20:47:53,Benign
20:47:53,Benign
20:47:53,Benign
20:47:53,Benign
20:47:53,Benign
20:47:53,Benign
20:47:53,Benign
20:47:53,Benign
20:47:53,Benign
20:47:53,Benign
20:47:53,Benign
20:47:53,Benign
20:47:53,Benign
20:47:53,Benign
20:47:53,Benign
20:47:53,Benign
20:47:53,Benign
20:47:53,Benign
20:47:53,Benign
20:47:53,Benign
20:47:53,Benign
20:47:53,Benign
20:47:53,Benign
20:47:53,Benign
20:47:53,Benign
20:47:53,Benign
20:47:53,Benign
20:47:53,Benign
20:47:53,Benign
20:47:53,Benign
20:47:53,Benign
20:47:53,Benign
20:47:53,Benign
20:47:53,Benign
20:47:53,Benign
20:47:53,Benign
20:47:53,Benign
20:47:53,Benign
20:47:53,Benign
20:47:53,Benign
20:47:53,Benign
20:47:53,Benign
20:47:53,Benign
20:47:53,Benign
20:47:53,Benign
20:47:53,Benign
20:47:53,Benign
20:47:53,Benign
20:47:53,Benign
20:47:53,Benign
20:47:53,Benign
20:47:53,Benign
20:47:53,Benign
20:47:53,Benign
20:47:54,Benign
20:47:54,Benign
20:47:54,Benign
20:47:54,Benign
20:47:54,Benign
20:47:54,Benign
20:47:54,Benign
20:47:54,Benign
20:47:54,Benign
20:47:54,Benign
20:47:54,Benign
20:47:54,Benign
20:47:54,Benign
20:47:54,Benign
20:47:54,Benign
20:47:54,Benign
20:47:54,Benign
20:47:54,Benign
20:47:54,Benign
20:47:54,Benign
20:47:54,Benign
20:47:54,Benign
20:47:54,Benign
20:47:54,Benign
20:47:54,Benign
20:47:54,Benign
20:47:54,Benign
20:47:54,Benign
20:47:54,Benign
20:47:54,Benign
20:47:54,Benign
20:47:54,Benign
20:47:54,Benign
20:47:54,Benign
20:47:54,Benign
20:47:54,Benign
20:47:54,Benign
20:47:54,Benign
20:47:54,Benign
20:47:54,Benign
20:47:54,Benign
20:47:54,Benign
20:47:54,Benign
20:47:54,Benign
20:47:54,Benign
20:47:54,Benign
20:47:54,Benign
20:47:54,Benign
20:47:54,Benign
20:47:54,Benign
20:47:54,Benign
20:47:54,Benign
20:47:54,Benign
20:47:54,Benign
20:47:54,Benign
20:47:54,Benign
20:47:54,Benign
20:47:54,Benign
20:47:54,Benign
20:47:54,Benign
20:47:54,Benign
20:47:54,Benign
20:47:54,Benign
20:47:54,Benign
20:47:54,Benign
20:47:54,Benign
20:47:54,Benign
20:47:54,Benign
20:47:54,Benign
20:47:54,Benign
20:47:54,Benign
20:47:54,Benign
20:47:54,Benign
20:47:54,Benign
20:47:54,Benign
20:47:54,Benign
20:47:54,Benign
20:47:54,Benign
20:47:54,Benign
20:47:54,Benign
20:47:54,Benign
20:47:54,Benign
20:47:54,Benign
20:47:54,Benign
20:47:54,Benign
20:47:54,Benign
20:47:54,Benign
20:47:54,Benign
20:47:54,Benign
20:47:54,Benign
20:47:54,Benign
20:47:54,Benign
20:47:54,Benign
20:47:54,Benign
20:47:54,Benign
20:47:54,Benign
20:47:54,Benign
20:47:54,Benign
20:47:54,Benign
20:47:54,Benign
20:47:54,Benign
20:47:54,Benign
20:47:54,Benign
20:47:54,Benign
20:47:54,Benign
20:47:54,Benign
20:47:54,Benign
20:47:54,Benign
20:47:54,Benign
20:47:54,Benign
20:47:54,Benign
20:47:54,Benign
20:47:54,Benign
20:47:54,Benign
20:47:54,Benign
20:47:54,Benign
20:47:54,Benign
20:47:54,Benign
20:47:54,Benign
20:47:54,Benign
20:47:54,Benign
20:47:54,Benign
20:47:55,Benign
20:47:55,Benign
20:47:55,Benign
20:47:55,Benign
20:47:55,Benign
20:47:55,Benign
20:47:55,Benign
20:47:55,Benign
20:47:55,Benign
20:47:55,Benign
20:47:55,Benign
20:47:55,Benign
20:47:55,Benign
20:47:55,Benign
20:47:55,Benign
20:47:55,Benign
20:47:55,Benign
20:47:55,Benign
20:47:55,Benign
20:47:55,Benign
20:47:55,Benign
20:47:55,Benign
20:47:55,Benign
20:47:55,Benign
20:47:55,Benign
20:47:55,Benign
20:47:55,Benign
20:47:55,Benign
20:47:55,Benign
20:47:55,Benign
20:47:55,Benign
20:47:55,Benign
20:47:55,Benign
20:47:55,Benign
20:47:55,Benign
20:47:55,Benign
20:47:55,Benign
20:47:55,Benign
20:47:55,Benign
20:47:55,Benign
20:47:55,Benign
20:47:55,Benign
20:47:55,Benign
20:47:55,Benign
20:47:55,Benign
20:47:55,Benign
20:47:55,Benign
20:47:55,Benign
20:47:55,Benign
20:47:55,Benign
20:47:55,Benign
20:47:55,Benign
20:47:55,Benign
20:47:55,Benign
20:47:55,Benign
20:47:55,Benign
20:47:55,Benign
20:47:55,Benign
20:47:55,Benign
20:47:55,Benign
20:47:55,Benign
20:47:55,Benign
20:47:55,Benign
20:47:55,Benign
20:47:55,Benign
20:47:55,Benign
20:47:55,Benign
20:47:55,Benign
20:47:55,Benign
20:47:55,Benign
20:47:55,Benign
20:47:55,Benign
20:47:55,Benign
20:47:55,Benign
20:47:55,Benign
20:47:55,Benign
20:47:55,Benign
20:47:55,Benign
20:47:55,Benign
20:47:55,Benign
20:47:55,Benign
20:47:55,Benign
20:47:55,Benign
20:47:55,Benign
20:47:55,Benign
20:47:55,Benign
20:47:55,Benign
20:47:55,Benign
20:47:55,Benign
20:47:55,Benign
20:47:55,Benign
20:47:55,Benign
20:47:55,Benign
20:47:55,Benign
20:47:55,Benign
20:47:55,Benign
20:47:55,Benign
20:47:55,Benign
20:47:55,Benign
20:47:55,Benign
20:47:55,Benign
20:47:55,Benign
20:47:55,Benign
20:47:55,Benign
20:47:55,Benign
20:47:55,Benign
20:47:55,Benign
20:47:55,Benign
20:47:55,Benign
20:47:55,Benign
20:47:55,Benign
20:47:55,Benign
20:47:55,Benign
20:47:55,Benign
20:47:55,Benign
20:47:55,Benign
20:47:55,Benign
20:47:55,Benign
20:47:55,Benign
20:47:55,Benign
20:47:55,Benign
20:47:55,Benign
20:47:55,Benign
20:47:55,Benign
20:47:56,Benign
20:47:56,Benign
20:47:56,Benign
20:47:56,Benign
20:47:56,Benign
20:47:56,Benign
20:47:56,Benign
20:47:56,Benign
20:47:56,Benign
20:47:56,Benign
20:47:56,Benign
20:47:56,Benign
20:47:56,Benign
20:47:56,Benign
20:47:56,Benign
20:47:56,Benign
20:47:56,Benign
20:47:56,Benign
20:47:56,Benign
20:47:56,Benign
20:47:56,Benign
20:47:56,Benign
20:47:56,Benign
20:47:56,Benign
20:47:56,Benign
20:47:56,Benign
20:47:56,Benign
20:47:56,Benign
20:47:56,Benign
20:47:56,Benign
20:47:56,Benign
20:47:56,Benign
20:47:56,Benign
20:47:56,Benign
20:47:56,Benign
20:47:56,Benign
20:47:56,Benign
20:47:56,Benign
20:47:56,Benign
20:47:56,Benign
20:47:56,Benign
20:47:56,Benign
20:47:56,Benign
20:47:56,Benign
20:47:56,Benign
20:47:56,Benign
20:47:56,Benign
20:47:56,Benign
20:47:56,Benign
20:47:56,Benign
20:47:56,Benign
20:47:56,Benign
20:47:56,Benign
20:47:56,Benign
20:47:56,Benign
20:47:56,Benign
20:47:56,Benign
20:47:56,Benign
20:47:56,Benign
20:47:56,Benign
20:47:56,Benign
20:47:56,Benign
20:47:56,Benign
20:47:56,Benign
20:47:56,Benign
20:47:56,Benign
20:47:56,Benign
20:47:56,Benign
20:47:56,Benign
20:47:56,Benign
20:47:56,Benign
20:47:56,Benign
20:47:56,Benign
20:47:56,Benign
20:47:56,Benign
20:47:56,Benign
20:47:56,Benign
20:47:56,Benign
20:47:56,Benign
20:47:56,Benign
20:47:56,Benign
20:47:56,Benign
20:47:56,Benign
20:47:56,Benign
20:47:56,Benign
20:47:56,Benign
20:47:56,Benign
20:47:56,Benign
20:47:56,Benign
20:47:56,Benign
20:47:56,Benign
20:47:56,Benign
20:47:56,Benign
20:47:56,Benign
20:47:57,Benign
20:47:57,Benign
20:47:57,Benign
20:47:57,Benign
20:47:57,Benign
20:47:57,Benign
20:47:57,Benign
20:47:57,Benign
20:47:57,Benign
20:47:57,Benign
20:47:57,Benign
20:47:57,Benign
20:47:57,Benign
20:47:57,Benign
20:47:57,Benign
20:47:57,Benign
20:47:57,Benign
20:47:57,Benign
20:47:57,Benign
20:47:57,Benign
20:47:57,Benign
20:47:57,Benign
20:47:57,Benign
20:47:57,Benign
20:47:57,Benign
20:47:57,Benign
20:47:58,Benign
20:47:58,Benign
20:47:58,Benign
20:47:58,Benign
20:47:58,Benign
20:47:58,Benign
20:47:58,Benign
20:47:58,Benign
20:47:58,Benign
20:47:58,Benign
20:47:58,Benign
20:47:58,Benign
20:47:58,Benign
20:47:58,Benign
20:47:58,Benign
20:47:58,Benign
20:47:58,Benign
20:47:58,Benign
20:47:58,Benign
20:47:58,Benign
20:47:58,Benign
20:47:58,Benign
20:47:58,Benign
20:47:58,Benign
20:47:58,Benign
20:47:58,Benign
20:47:58,Benign
20:47:58,Benign
20:47:58,Benign
20:47:58,Benign
20:47:58,Benign
20:47:58,Benign
20:47:58,Benign
20:47:58,Benign
20:47:58,Benign
20:47:58,Benign
20:47:58,Benign
20:47:58,Benign
20:47:58,Benign
20:47:58,Benign
20:47:58,Benign
20:47:58,Benign
20:47:58,Benign
20:47:58,Benign
20:47:58,Benign
20:47:58,Benign
20:47:58,Benign
20:47:58,Benign
20:47:58,Benign
20:47:58,Benign
20:47:58,Benign
20:47:58,Benign
20:47:58,Benign
20:47:58,Benign
20:47:59,Benign
20:47:59,Benign
20:47:59,Benign
20:47:59,Benign
20:47:59,Benign
20:47:59,Benign
20:47:59,Benign
20:47:59,Benign
20:47:59,Benign
20:47:59,Benign
20:47:59,Benign
20:47:59,Benign
20:47:59,Benign
20:47:59,Benign
20:47:59,Benign
20:47:59,Benign
20:47:59,Benign
20:47:59,Benign
20:47:59,Benign
20:47:59,Benign
20:47:59,Benign
20:47:59,Benign
20:47:59,Benign
20:47:59,Benign
20:47:59,Benign
20:47:59,Benign
20:47:59,Benign
20:47:59,Benign
20:47:59,Benign
20:47:59,Benign
20:47:59,Benign
20:47:59,Benign
20:47:59,Benign
20:47:59,Benign
20:47:59,Benign
20:47:59,Benign
20:47:59,Benign
20:47:59,Benign
20:47:59,Benign
20:47:59,Benign
20:47:59,Benign
20:47:59,Benign
20:47:59,Benign
20:47:59,Benign
20:47:59,Benign
20:47:59,Benign
20:47:59,Benign
20:47:59,Benign
20:47:59,Benign
20:47:59,Benign
20:47:59,Benign
20:47:59,Benign
20:47:59,Benign
20:47:59,Benign
20:47:59,Benign
20:47:59,Benign
20:47:59,Benign
20:47:59,Benign
20:47:59,Benign
20:47:59,Benign
20:47:59,Benign
20:47:59,Benign
20:47:59,Benign
20:47:59,Benign
20:47:59,Benign
20:47:59,Benign
20:47:59,Benign
20:47:59,Benign
20:47:59,Benign
20:47:59,Benign
20:47:59,Benign
20:47:59,Benign
20:48:00,Benign
20:48:00,Benign
20:48:00,Benign
20:48:00,Benign
20:48:00,Benign
20:48:00,Benign
20:48:00,Benign
20:48:00,Benign
20:48:00,Benign
20:48:00,Benign
20:48:00,Benign
20:48:00,Benign
20:48:00,Benign
20:48:00,Benign
20:48:00,Benign
20:48:00,Benign
20:48:00,Benign
20:48:00,Benign
20:48:00,Benign
20:48:00,Benign
20:48:00,Benign
20:48:00,Benign
20:48:00,Benign
20:48:00,Benign
20:48:00,Benign
20:48:00,Benign
20:48:00,Benign
20:48:00,Benign
20:48:00,Benign
20:48:00,Benign
20:48:00,Benign
20:48:00,Benign
20:48:00,Benign
20:48:00,Benign
20:48:00,Benign
20:48:00,Benign
20:48:00,Benign
20:48:00,Benign
20:48:00,Benign
20:48:00,Benign
20:48:00,Benign
20:48:00,Benign
20:48:00,Benign
20:48:00,Benign
20:48:00,Benign
20:48:00,Benign
20:48:00,Benign
20:48:00,Benign
20:48:00,Benign
20:48:00,Benign
20:48:00,Benign
20:48:00,Benign
20:48:00,Benign
20:48:00,Benign
20:48:00,Benign
20:48:00,Benign
20:48:00,Benign
20:48:00,Benign
20:48:00,Benign
20:48:00,Benign
20:48:00,Benign
20:48:00,Benign
20:48:00,Benign
20:48:00,Benign
20:48:00,Benign
20:48:00,Benign
20:48:00,Benign
20:48:00,Benign
20:48:00,Benign
20:48:00,Benign
20:48:00,Benign
20:48:00,Benign
20:48:00,Benign
20:48:00,Benign
20:48:00,Benign
20:48:00,Benign
20:48:00,Benign
20:48:00,Benign
20:48:00,Benign
20:48:00,Benign
20:48:00,Benign
20:48:00,Benign
20:48:00,Benign
20:48:00,Benign
20:48:00,Benign
20:48:00,Benign
20:48:00,Benign
20:48:00,Benign
20:48:00,Benign
20:48:00,Benign
20:48:00,Benign
20:48:00,Benign
20:48:00,Benign
20:48:00,Benign
20:48:00,Benign
20:48:00,Benign
20:48:00,Benign
20:48:00,Benign
20:48:00,Benign
20:48:00,Benign
20:48:00,Benign
20:48:00,Benign
20:48:00,Benign
20:48:00,Benign
20:48:00,Benign
20:48:00,Benign
20:48:00,Benign
20:48:00,Benign
20:48:00,Benign
20:48:00,Benign
20:48:00,Benign
20:48:00,Benign
20:48:00,Benign
20:48:00,Benign
20:48:01,Benign
20:48:01,Benign
20:48:01,Benign
20:48:01,Benign
20:48:01,Benign
20:48:01,Benign
20:48:01,Benign
20:48:01,Benign
20:48:01,Benign
20:48:01,Benign
20:48:01,Benign
20:48:01,Benign
20:48:01,Benign
20:48:01,Benign
20:48:01,Benign
20:48:01,Benign
20:48:01,Benign
20:48:01,Benign
20:48:01,Benign
20:48:01,Benign
20:48:01,Benign
20:48:01,Benign
20:48:01,Benign
20:48:01,Benign
20:48:01,Benign
20:48:01,Benign
20:48:01,Benign
20:48:01,Benign
20:48:01,Benign
20:48:01,Benign
20:48:01,Benign
20:48:01,Benign
20:48:01,Benign
20:48:01,Benign
20:48:01,Benign
20:48:01,Benign
20:48:01,Benign
20:48:01,Benign
20:48:01,Benign
20:48:01,Benign
20:48:01,Benign
20:48:01,Benign
20:48:01,Benign
20:48:01,Benign
20:48:01,Benign
20:48:01,Benign
20:48:01,Benign
20:48:01,Benign
20:48:01,Benign
20:48:01,Benign
20:48:01,Benign
20:48:01,Benign
20:56:20,Benign
20:56:20,Benign
20:56:20,Benign
20:56:20,Benign
20:56:20,Benign
20:56:20,Benign
20:56:20,Benign
20:56:20,Benign
20:56:20,Benign
20:56:20,Benign
20:56:20,Benign
20:56:20,Benign
20:56:20,Benign
20:56:20,Benign
20:56:20,Benign
20:56:20,Benign
20:56:20,Benign
20:56:20,Benign
20:56:20,Benign
20:56:20,Benign
20:56:20,Benign
20:56:20,Benign
20:56:20,Benign
20:56:20,Benign
20:56:20,Benign
20:56:20,Benign
20:56:20,Benign
20:56:20,Benign
20:56:20,Benign
20:56:20,Benign
20:56:20,Benign
20:56:20,Benign
20:56:20,Benign
20:56:20,Benign
20:56:20,Benign
20:56:20,Benign
20:56:21,Benign
20:56:21,Benign
20:56:21,Benign
20:56:21,Benign
20:56:21,Benign
20:56:21,Benign
20:56:21,Benign
20:56:21,Benign
20:56:21,Benign
20:56:21,Benign
20:56:21,Benign
20:56:21,Benign
20:56:21,Benign
20:56:21,Benign
20:56:21,Benign
20:56:21,Benign
20:56:21,Benign
20:56:21,Benign
20:56:21,Benign
20:56:21,Benign
20:56:21,Benign
20:56:21,Benign
20:56:21,Benign
20:56:21,Benign
20:56:21,Benign
20:56:21,Benign
20:56:21,Benign
20:56:21,Benign
20:56:21,Benign
20:56:21,Benign
20:56:21,Benign
20:56:21,Benign
20:56:21,Benign
20:56:21,Benign
20:56:21,Benign
20:56:21,Benign
20:56:21,Benign
20:56:21,Benign
20:56:21,Benign
20:56:21,Benign
20:56:21,Benign
20:56:21,Benign
20:56:21,Benign
20:56:21,Benign
20:56:21,Benign
20:56:21,Benign
20:56:21,Benign
20:56:21,Benign
20:56:21,Benign
20:56:21,Benign
20:56:21,Benign
20:56:21,Benign
20:56:21,Benign
20:56:21,Benign
20:56:21,Benign
20:56:22,Benign
20:56:22,Benign
20:56:22,Benign
20:56:22,Benign
20:56:22,Benign
20:56:22,Benign
20:56:22,Benign
20:56:22,Benign
20:56:22,Benign
